"council","ccode","rcode","model_flag","SP_Allowance_1","SP_Allowance_2","SP_Allowance_3","SP_Fee_1","SP_Fee_2","Sp_Fee_3","SP_Fee_4","Num_Carers_1","Num_Carers_2","Num_Carers_3","Num_Carers_4","Number_of_children_or_young_people_in_placements_at_31_March","Number_of_disabled_children_or_young_people_at_31_March","White_at_31_March","Mixed_at_31_March","Asian_or_Asian_British_at_31_March","Black_or_Black_British_at_31_March","Other_ethnic_groups_at_31_March","Not_known_at_31_March","Number_of_CYP_considered_to_be_at_risk_of_CSE","Number_of_CYP_considered_to_be_subject_to_CSE","Number_of_children_or_young_people_who_went_missing_while_living_with_foster_carers","Number_of_instances_children_or_young_people_went_missing_while_living_with_foster_carers","Less_than_24_hours","One_to_six_days","One_week_to_28_days","Longer_than_28_days","Bullying","Involvement_in_offending_behaviour","Substance_misuse","Contact_with_family_or_friends","Alleged_abuse_within_the_foster_home","Because_they_are_an_asylum_seeker","Suspected_sexual_exploitation","Any_other_known_reason","Reason_unknown","Number_of_return_home_interviews_conducted","Number_of_missing_children_or_young_people_with_no_return_home_interview","Number_of_children_experiencing_unplanned_endings","Number_of_children_experiencing_placement_moves_within_24_hours_of_unplanned_ending_notification","Transferred_to_LA_fostering_placement","Transferred_to_IFA_fostering_placement","Transferred_to_other_type_of_looked_after_placement_eg_childrens_home_adoption","No_longer_looked_after","Staying_put","Not_staying_put","Reason_unknown_1","Number_of_young_people_in_foster_care_who_became_18","Number_of_young_people_in_foster_care_who_became_18_and_remained_living_with_their_former_foster_carer","Groups_assessed","Siblings_assessed","Groups_placed_to_plan","Siblings_placed_to_plan","Groups_NOT_placed_to_plan","Siblings_NOT_placed_to_plan","X","Total_approved_carers","White","Mixed","Asian_or_Asian_British","Black_or_Black_British","Other_ethnic_groups","Not_known","Number_of_individual_foster_carers_who_have_completed_the_TSD_Standards","Number_of_individual_foster_carers_who_have_completed_the_TSD_Standards_for_family_and_friends_carers","Number_of_individual_foster_carers_who_have_completed_the_TSD_Standards_for_short_breaks_carers","Total_approved_households","Permanent_foster_care","Non_permanent_foster_care","Emergency","Family_and_Friends","Parent_and_child","Multi_dimensional_treatment","Remand","Other","Fostering_to_adopt","Short_breaks","Shared_care","Not_known_1","Number_of_households_with_exemptions_to_the_usual_fostering_limit_in_place_at_any_time_during_the_year","Number_of_households_approved_for_one_CYP","Number_of_households_approved_for_two_CYP","Number_of_households_approved_for_three_CYP","Number_of_households_approved_for_four_or_more_CYP","Number_of_approved_foster_places","Number_of_filled_places","Number_of_vacant_places","Number_of_places_not_available","Number_of_initial_enquiries_from_new_prospective_fostering_households","Number_of_applications_approved","Number_of_applications_withdrawn_by_applicants_plus","Number_of_applications_withdrawn_by_services_plus","Number_of_applications_rejected_after_being_presented_to_panel","Number_of_applications_which_remained_in_progress_on_31_March","Total_applications_concluded_or_in_progress_at_31_March","Number_of_family_and_friends_households_approved_in_year","De_registered_to_facilitate_a_transfer_to_a_local_authority","De_registered_to_facilitate_a_transfer_to_an_independent_fostering_agency","De_registration_initiated_by_the_fostering_service","De_registration_initiated_by_the_foster_carer","De_registration_for_unknown_reason","Total_households_de_registered_between_1_April_and_31_March","Number_of_applications_for_a_review_to_the_IRM","Number_of_which_resulted_in_a_recommendation_being_made_to_review_the_decision","Number_of_allegations_against_foster_carers_by_fostered_children","Number_of_allegations_against_foster_carers_by_other_sources","Total_number_of_allegations_made","Number_of_children_made_allegations_against_foster_carers","Number_of_foster_carers_subject_to_allegations","Physical_abuse","Sexual_abuse","Neglect","Emotional_abuse","Concerns_resolved_no_further_action","Continued_monitoring_for_agreed_period","Concern_remained_refer_to_fostering_panel_for_review","Less_than_21_working_days","v_22_30_working_days_4_6_weeks","v_31_50_working_days_6_10_weeks","More_than_50_working_days_more_than_10_weeks","Number_of_referrals_to_the_Disclosure_and_Barring_Service_DBS","Number_of_referrals_to_the_local_authority_child_protection_team","Number_of_Section_47_enquiries","Number_of_recorded_incidents_of_physical_restraint_by_foster_carers","Number_of_CYP_subject_to_restraint","Number_of_households_that_restrained_CYP","CYP_complaints_made","CYP_complaints_not_upheld","Foster_carers_complaints_made","Foster_carers_complaints_not_upheld","CYPs_social_workers_complaints_made","CYPs_social_workers_complaints_not_upheld","Other_professionals_complaints_made","Other_professionals_complaints_not_upheld","CYPs_parents_complaints_made","CYPs_parents_complaints_not_upheld","Others_complaints_made","Others_complaints_not_upheld","Total_complaints_complaints_made","Total_complaints_complaints_not_upheld"
"England","E92000001","E92000001",,,,,,,,,,,,,53040,4610,40475,5015,2455,3490,1240,370,3090,835,6835,30615,3125,2285,955,470,35,120,140,3595,20,100,265,1365,1200,12800,2965,6240,1565,2930,3350,6895,10935,1695,1735,1810,3435,1695,4965,12950,4275,10800,690,2150,2150,73530,61430,905,3675,5540,565,1400,48440,2080,1630,43475,13595,19195,385,6100,355,650,25,325,365,1480,680,125,1480,14340,15540,12845,755,87120,53205,17150,15645,117335,4920,2820,2445,230,3865,14280,2845,220,365,2375,5640,140,8740,110,35,1595,845,2445,1565,2340,1410,185,380,470,1380,430,630,1170,370,360,530,90,1225,700,1205,630,615,330,155,415,180,160,80,125,45,260,130,215,105,1500,695
"North East England","E12000001","E12000001",,,,,,,,,,,,,2910,160,2710,80,35,45,30,5,95,30,245,1290,120,95,25,10,0,0,5,125,0,0,5,30,75,865,35,170,65,35,135,495,910,70,55,5,125,70,475,1125,425,980,50,145,,3560,3480,5,25,5,5,30,2095,145,60,2140,500,895,5,565,5,5,0,0,10,55,20,0,65,810,780,510,40,4075,2915,510,575,1760,140,40,5,0,95,280,370,0,0,255,500,5,760,0,0,40,45,85,30,85,35,10,15,25,45,15,25,30,15,10,25,5,20,15,10,10,10,5,5,5,0,0,0,0,0,5,5,5,0,20,10
"Darlington","E06000005","E12000001","*",247.47,,,75,90,100,150,2,1,1,1,85,0,80,0,0,5,0,0,5,5,10,25,5,5,0,0,0,0,0,5,0,0,0,0,0,25,0,15,5,0,15,15,30,0,0,0,0,0,20,45,20,35,0,5,,135,135,0,0,0,0,0,45,0,0,80,10,40,0,25,0,0,0,0,0,5,0,0,0,30,25,20,0,150,85,40,25,40,5,5,0,0,5,10,10,0,0,25,15,0,40,0,0,0,0,0,0,0,0,0,0,0,0,0,0,0,0,0,0,0,0,0,,,0,0,0,0,0,0,0,0,0,0,0,0,0,5,0
"County Durham","E06000047","E12000001",,201.5,,,,,,,12,,,,515,10,505,10,0,0,0,0,5,0,10,15,5,5,0,0,0,0,0,10,0,0,0,0,0,15,0,30,15,0,35,90,205,10,0,0,10,10,95,230,80,180,15,50,,595,590,0,0,0,0,0,405,5,0,330,115,120,0,90,0,0,0,0,0,0,0,0,15,110,115,90,5,650,515,35,100,330,25,15,0,0,15,55,60,0,0,45,100,0,145,0,0,5,10,15,5,15,5,5,5,5,5,10,5,10,5,5,0,0,0,0,,,,0,0,0,0,0,0,0,0,0,0,0,0,0,0
"Gateshead","E08000037","E12000001","*",220,,,,,,,17,,,,315,5,285,10,5,10,0,0,5,0,40,245,15,25,5,0,0,0,0,35,0,0,0,5,5,100,10,25,20,0,0,50,80,20,5,0,25,20,25,55,20,45,5,10,,370,365,0,0,0,0,0,235,25,15,210,65,90,0,45,0,0,0,0,0,5,10,0,10,70,85,55,5,420,315,0,85,155,15,0,0,0,10,25,25,0,0,25,45,0,70,0,0,5,0,5,5,0,0,0,0,0,0,0,0,5,0,0,0,0,0,0,5,5,5,0,0,0,0,0,0,0,0,0,0,0,0,5,0
"Hartlepool","E06000001","E12000001","*",134.9,,,226,,,,15,,,,180,15,170,0,0,5,0,0,5,0,20,90,10,10,0,0,0,0,0,15,0,0,0,0,5,75,0,,,0,5,25,25,5,10,0,10,5,20,60,20,60,0,0,,230,220,0,0,0,5,10,140,10,5,135,5,45,0,35,0,5,0,0,0,0,0,0,5,45,65,25,5,260,180,80,,,0,0,0,0,0,0,25,0,0,20,5,0,25,0,0,5,0,5,5,5,5,0,0,0,0,0,5,0,0,0,5,0,5,0,,,,0,0,0,0,0,0,0,0,5,0,0,0,5,0
"Middlesbrough","E06000002","E12000001",,215,,,,,,,,,,,155,5,140,15,0,5,0,0,5,5,5,55,5,0,0,0,0,0,0,5,0,0,0,5,0,40,0,0,0,0,5,25,25,5,0,0,5,5,25,60,20,40,5,15,,225,215,0,5,0,0,0,170,0,0,135,35,80,0,15,0,0,0,0,5,0,0,0,5,50,60,20,5,250,155,40,25,100,15,0,0,0,10,25,15,0,0,10,25,0,35,0,0,0,0,0,0,0,0,0,0,0,0,0,0,0,0,0,0,0,0,0,0,0,0,0,0,0,0,0,0,0,0,0,0,0,0,0,0
"Newcastle upon Tyne","E08000021","E12000001","*",242.08,,,,,,,,,,,350,65,295,10,15,10,20,0,15,0,45,230,30,15,5,0,0,0,0,10,0,0,0,10,25,145,5,15,0,35,10,25,115,15,5,5,25,15,60,135,45,105,10,25,,350,325,0,15,5,0,10,200,5,15,255,75,95,0,65,0,0,0,0,0,20,0,0,15,80,90,80,0,515,350,40,125,270,15,0,0,0,10,25,45,0,0,5,80,0,85,0,0,5,5,10,5,15,5,0,0,0,5,,5,5,0,0,0,0,5,5,5,5,5,0,0,,,,,,,,,,,0,0
"North Tyneside","E08000022","E12000001",,141.68,,,,,,,,,,,195,5,190,0,0,0,5,0,5,0,30,300,15,10,5,5,0,0,0,0,0,0,0,0,30,230,5,20,5,0,0,25,85,0,10,0,10,0,50,125,45,115,5,10,,270,265,5,0,0,0,0,170,25,5,165,40,70,0,45,0,0,0,0,0,0,5,0,5,70,50,40,5,315,195,55,60,,10,15,5,0,15,45,30,0,0,20,50,0,70,,,,,0,,,,,,,,,,,,,,,,,0,0,0,,,,,,,,,,,,,0,0
"Northumberland","E06000057","E12000001",,161.13,,,,,,,11,,,,230,15,220,5,0,0,0,5,20,0,35,135,10,15,5,0,0,0,0,15,0,0,0,5,15,60,15,20,5,0,5,70,50,5,5,0,10,5,20,55,20,45,0,10,,290,290,0,0,0,0,0,175,25,0,165,25,80,5,50,0,0,0,0,5,0,0,0,5,75,60,30,5,290,230,10,35,495,15,5,0,0,10,35,25,0,0,20,5,0,25,0,0,0,0,0,0,0,0,0,0,0,0,0,0,0,0,0,0,0,0,0,0,0,0,0,0,0,0,0,0,0,0,0,0,0,0,0,0
"Redcar and Cleveland","E06000003","E12000001",,175,340,,,,,,9,6,,,125,10,115,10,0,0,0,0,5,0,15,55,10,0,0,0,0,0,0,10,0,0,0,0,0,45,0,10,5,0,15,25,25,5,0,0,5,5,25,60,25,60,0,0,,150,150,0,0,0,0,0,90,5,0,90,0,30,0,25,0,0,0,0,0,5,0,0,0,40,30,15,0,160,125,5,20,85,10,0,0,0,5,20,20,0,0,10,0,0,10,0,,0,0,0,0,0,0,0,0,0,0,0,0,0,0,0,0,0,0,0,0,0,0,0,,0,,0,,0,,0,0,0,,0,0
"South Tyneside","E08000023","E12000001",,150,,,,,,,2,,,,155,15,135,5,5,5,0,0,5,0,10,50,5,0,0,0,0,0,0,5,0,0,0,5,0,40,0,20,0,0,15,20,35,0,5,0,5,0,20,45,20,45,0,5,,215,210,0,5,0,0,0,150,5,10,125,45,50,0,25,0,0,0,0,0,5,0,0,0,70,50,10,0,190,155,30,5,140,10,0,0,0,0,10,25,0,0,15,30,0,45,0,0,0,5,5,0,5,5,0,0,0,0,5,0,0,0,0,0,0,0,0,5,0,0,0,0,0,0,0,0,0,0,0,0,0,0,0,0
"Stockton-on-Tees","E06000004","E12000001",,271.62,,,,,,,21,,,,245,5,230,10,0,5,0,0,5,0,10,30,10,0,0,0,0,0,0,10,0,0,0,0,0,30,0,15,10,0,10,45,50,5,0,0,5,5,45,110,45,105,5,5,,310,310,0,0,0,0,0,190,35,5,180,55,50,0,65,0,0,0,0,0,10,0,0,5,70,65,40,5,340,245,55,45,115,10,0,0,0,10,15,35,0,0,35,5,0,40,0,0,5,5,5,5,10,5,5,0,0,5,0,5,5,0,0,0,0,5,5,0,0,0,0,0,0,0,0,0,0,0,0,0,0,0,0,0
"Sunderland","E08000024","E12000001","*",180.8,215.8,,,,,,4,15,,,365,10,350,10,0,5,0,0,25,20,20,60,5,10,5,0,0,0,5,10,0,0,5,0,0,55,0,,,0,10,80,180,0,10,0,10,0,65,155,65,150,0,0,,420,405,0,0,0,0,10,125,5,5,270,30,145,0,80,5,0,0,0,0,5,5,0,0,100,85,85,5,535,365,120,50,30,10,0,0,0,5,15,55,0,0,25,140,5,170,0,0,15,20,30,5,30,10,0,10,10,25,0,5,10,0,10,15,0,0,0,0,0,0,0,,5,,0,,0,,0,,0,,5,0
"North West England","E12000002","E12000002",,,,,,,,,,,,,6565,500,5655,430,175,180,80,45,215,95,585,2695,265,210,90,20,5,15,20,260,0,10,10,125,135,1490,175,675,115,5,355,975,1120,140,80,60,220,140,1035,2705,910,2305,125,400,,7945,7400,55,180,115,30,110,4165,530,160,4665,1370,1650,0,1395,5,5,0,0,20,120,55,5,205,1580,1495,1475,115,9495,6560,1690,1170,6275,435,215,120,65,465,1295,540,0,0,370,630,15,1040,0,0,170,105,275,175,250,155,20,35,65,125,70,80,110,40,50,70,5,115,75,35,25,60,10,5,65,30,5,0,15,5,25,15,10,5,130,65
"Blackburn with Darwen","E06000008","E12000002","*",225,205,185,,,,,5,,,,170,5,155,5,10,0,5,0,5,0,15,80,5,5,5,0,0,0,0,0,0,0,0,0,15,10,5,0,0,0,10,35,55,0,5,0,5,0,5,20,5,10,0,10,,210,180,0,25,0,0,0,130,10,0,115,25,55,0,25,0,0,0,0,0,0,5,0,5,35,45,40,0,240,170,70,0,230,5,0,0,0,15,25,15,0,0,5,35,0,40,0,0,5,5,10,5,10,5,0,0,5,5,0,10,0,0,10,0,0,5,5,0,0,0,0,0,5,0,0,0,0,0,0,0,0,0,10,5
"Blackpool","E06000009","E12000002","*",127,,,0,100,200,,3,6,4,,280,10,265,15,0,0,0,0,10,5,25,50,10,10,0,0,0,0,0,20,0,0,0,0,0,40,5,25,15,0,25,55,85,5,0,0,5,5,45,125,45,120,0,5,,260,255,0,0,0,0,0,175,15,0,160,45,70,0,40,0,0,0,0,0,0,0,0,20,25,10,110,15,440,280,15,145,150,10,0,0,0,5,15,25,0,0,0,60,0,65,0,0,5,0,5,5,5,5,0,0,0,0,0,0,0,0,0,0,0,5,5,0,0,0,0,0,0,0,0,0,0,0,0,0,0,0,5,5
"Bolton","E08000001","E12000002",,188,,,188,,,,17,,,,370,35,300,25,10,20,10,10,20,0,35,180,20,10,5,0,5,0,0,15,0,0,0,10,5,160,0,10,0,0,15,50,70,5,5,0,15,5,25,55,20,50,0,10,,425,395,5,20,5,0,0,280,45,0,250,70,115,0,60,0,0,0,0,0,0,0,0,20,75,95,75,0,500,370,65,75,85,15,10,0,0,20,45,10,0,0,0,25,0,25,0,0,10,0,10,10,10,10,0,0,0,5,0,0,5,0,0,5,0,5,5,10,5,5,0,0,0,0,0,0,0,0,0,0,0,0,0,0
"Bury","E08000002","E12000002",,262,,,,,,,,,,,170,20,135,20,10,5,5,0,5,0,25,70,20,5,0,0,0,0,0,5,0,0,0,10,5,40,5,35,0,0,15,40,40,5,0,0,5,5,15,30,10,20,5,5,,230,210,0,5,5,5,0,100,15,15,135,35,35,0,45,0,0,0,0,0,5,5,0,0,60,45,25,5,245,170,30,30,200,10,0,0,0,5,15,15,0,0,10,30,0,45,0,0,10,10,20,20,15,10,0,0,5,10,5,5,10,5,0,5,0,10,0,0,0,0,,,0,0,,,,,0,0,,,5,5
"Cheshire East","E06000049","E12000002","*",321,,,,,,,,,,,230,20,215,5,0,0,0,0,5,5,25,115,20,5,0,0,0,0,0,15,0,0,0,10,5,85,10,35,5,0,20,45,50,0,5,0,5,0,30,70,25,50,5,20,,285,280,0,0,0,0,0,150,25,10,170,35,70,0,50,0,0,0,0,0,10,5,0,5,75,60,30,5,300,230,10,40,145,20,15,0,0,5,35,30,0,0,5,45,10,60,0,0,5,0,5,5,5,5,0,0,0,0,0,5,0,0,0,5,0,5,5,0,0,0,0,0,5,0,0,0,0,0,0,0,5,0,5,0
"Cheshire West and Chester","E06000050","E12000002",,222.21,,,222.21,,,,8,,,,245,5,235,5,5,0,0,0,15,5,25,65,10,10,0,0,0,0,0,15,0,0,0,5,0,25,10,35,10,0,20,35,55,10,0,0,15,10,35,95,30,90,5,5,,325,320,0,0,0,0,0,190,25,5,185,5,110,0,60,0,0,0,0,5,5,0,0,10,70,75,35,5,350,245,60,40,270,15,10,0,0,10,35,30,0,0,0,5,0,5,0,0,5,5,10,5,0,5,0,0,0,0,5,5,0,5,0,0,0,5,5,5,5,5,0,0,0,0,0,0,0,0,0,0,0,0,5,0
"Cumbria","E10000006","E12000002",,165.06,,,,,,,4,,,,270,15,255,10,0,5,0,0,10,10,20,55,15,0,0,0,0,0,0,10,0,0,0,5,0,35,5,30,5,0,30,55,70,10,0,0,10,10,35,80,35,75,0,5,,370,360,0,0,0,0,5,245,10,30,210,80,65,0,45,0,0,0,0,5,20,0,0,5,60,75,75,5,455,270,135,45,340,10,0,0,0,5,20,15,0,0,45,20,0,70,0,0,5,0,5,5,5,5,0,0,0,5,0,0,0,0,0,5,0,0,0,0,0,0,0,0,0,0,0,0,0,0,0,0,0,0,0,0
"Halton","E06000006","E12000002","*",200,,,,,,,,,,,90,5,90,0,0,0,0,0,0,0,5,25,0,0,0,0,0,0,0,5,0,0,0,0,0,25,0,15,0,0,10,15,5,0,0,0,0,0,30,80,25,75,0,0,,125,125,0,0,0,0,0,105,0,0,70,35,30,0,5,0,0,0,0,0,0,0,0,0,25,25,25,0,140,90,15,40,170,5,15,10,0,10,35,5,0,0,0,5,0,10,0,0,5,5,15,5,15,5,0,0,5,10,0,0,15,0,0,0,0,0,0,5,5,5,0,0,0,0,0,0,0,0,0,0,0,0,0,0
"Knowsley","E08000011","E12000002",,164.31,,,164.31,207.3314285714,285.925,424.77,2,7,8,1,140,10,135,5,0,0,0,0,5,0,15,60,5,5,5,0,0,0,0,0,0,0,0,0,15,45,5,20,0,0,5,25,30,5,0,0,5,5,30,65,25,55,5,5,,190,110,0,0,0,0,80,105,10,5,115,20,55,0,35,0,0,0,0,0,5,0,0,0,35,45,30,0,225,140,55,25,120,5,0,0,0,10,20,15,0,0,15,5,0,20,0,0,0,0,0,0,0,0,0,0,0,0,0,0,0,0,0,0,0,0,0,0,0,0,0,0,5,5,0,0,0,0,5,5,0,0,10,10
"Lancashire","E10000017","E12000002",,250,,,,,,,,,,,655,70,590,35,25,5,5,0,5,0,20,35,10,5,0,0,0,0,0,5,0,0,0,10,0,30,5,10,5,0,0,0,65,0,20,0,20,0,110,250,95,215,10,35,,795,750,5,20,5,5,15,485,25,5,440,170,200,0,65,0,0,0,0,0,5,0,5,5,45,15,370,5,1225,655,505,65,995,110,5,0,25,90,230,35,0,0,5,60,0,65,0,0,10,5,15,10,20,5,5,0,5,5,5,5,5,0,0,10,0,5,5,0,0,0,0,0,15,5,0,0,0,0,0,0,0,0,15,5
"Liverpool","E08000012","E12000002",,215,,,,,,,53,,,,475,15,385,45,10,25,0,10,15,0,35,185,10,15,5,0,0,0,0,20,0,0,0,10,5,160,5,25,0,0,20,80,35,10,5,0,15,10,70,205,70,200,0,5,,585,550,5,0,20,5,5,100,10,10,360,65,140,0,140,0,0,0,0,10,10,0,0,0,165,130,55,10,635,475,145,10,435,40,55,25,40,105,260,45,0,0,5,60,0,65,0,0,0,5,5,0,5,0,0,0,5,5,0,0,5,0,0,0,0,0,0,0,0,0,0,0,5,5,0,0,0,0,0,0,0,0,5,5
"Manchester","E08000003","E12000002",,213,,,,,,,,,,,480,40,290,100,35,45,5,0,20,10,65,285,20,25,15,5,0,5,10,35,0,0,5,10,5,195,0,110,15,5,35,85,130,15,5,20,20,15,115,395,105,340,15,55,,515,420,20,30,35,5,0,270,35,5,340,105,85,0,130,0,5,0,0,0,5,5,0,15,140,120,70,10,635,480,55,95,780,25,5,0,0,10,40,50,0,0,45,45,0,95,0,0,10,10,20,10,15,15,0,0,0,10,5,5,5,0,0,15,0,15,5,5,5,5,0,0,10,5,0,0,10,0,0,0,0,0,15,5
"Oldham","E08000004","E12000002",,215.74,,,,,,,,,,,320,20,230,35,25,20,0,10,25,10,35,160,10,20,5,0,0,0,0,5,0,0,5,15,10,105,10,25,5,0,15,55,85,5,5,0,5,5,115,270,105,255,5,15,,335,300,0,25,5,0,0,230,30,5,195,70,65,0,55,0,0,0,0,0,5,0,0,30,50,60,85,5,435,320,35,85,130,10,5,0,0,10,25,30,0,0,30,15,0,40,0,0,15,5,15,10,15,10,0,5,0,15,0,0,10,5,0,0,0,5,5,0,0,0,0,0,0,0,0,0,0,0,0,0,0,0,0,0
"Rochdale","E08000005","E12000002",,188,,,,,,,,,,,270,15,220,25,20,5,5,0,5,10,30,80,10,5,15,0,0,0,0,20,0,10,0,0,0,5,30,65,15,0,25,40,45,5,5,0,10,5,35,90,35,80,5,10,,310,285,0,20,0,0,0,195,20,5,175,60,70,0,35,0,0,0,0,0,5,0,0,5,55,80,40,0,345,270,10,65,390,5,5,5,0,15,25,15,0,0,10,30,0,40,0,0,5,0,5,10,5,5,0,0,0,0,0,5,0,0,5,0,0,5,5,0,0,,0,0,0,0,0,0,0,0,0,0,0,0,0,0
"Salford","E08000006","E12000002",,192,,,,,,,,,,,325,60,265,10,5,20,20,5,0,0,10,10,5,0,0,0,0,0,0,5,0,0,0,0,0,10,0,35,15,0,10,50,30,10,0,0,10,10,25,75,25,65,0,10,,415,380,0,5,10,10,5,220,40,20,235,85,45,0,85,0,0,0,0,0,15,0,0,10,100,100,35,5,415,325,40,50,240,10,0,0,0,10,20,30,0,0,5,40,0,45,0,0,5,5,10,5,10,5,0,0,5,5,5,0,5,0,0,0,0,0,0,5,5,30,0,0,5,5,0,0,0,0,0,0,0,0,10,5
"Sefton","E08000014","E12000002",,134,,,,,,,,,,,235,25,225,5,0,0,5,0,0,0,20,45,10,10,0,0,0,0,0,15,0,0,0,0,5,25,10,40,0,0,5,70,45,5,0,0,10,5,25,65,20,45,5,25,,270,270,0,0,0,0,0,130,20,0,155,60,30,0,65,0,0,0,0,0,0,0,0,20,60,55,35,5,300,235,50,15,315,10,15,20,0,15,65,25,0,0,15,30,5,45,0,0,5,5,10,5,10,5,0,5,0,5,0,0,5,0,0,0,0,5,5,0,0,0,0,0,0,0,0,0,0,0,0,0,0,0,5,0
"St Helens","E08000013","E12000002",,,,,215.78,,,,,,,,195,10,190,5,0,0,0,0,0,0,20,210,10,5,5,5,0,5,0,10,0,0,0,0,5,160,5,0,0,0,5,15,0,0,0,0,0,0,10,20,5,15,0,5,,255,255,0,0,0,0,0,110,25,5,155,25,45,0,75,0,0,0,0,0,0,5,0,0,90,50,15,5,240,195,20,20,70,5,0,0,0,0,5,15,0,0,5,10,0,15,0,0,0,0,0,0,0,0,0,0,0,0,0,0,0,0,0,0,0,0,0,0,0,0,0,0,0,0,0,0,0,0,0,0,0,0,0,0
"Stockport","E08000007","E12000002",,319,,,,,,,,,,,205,30,175,20,5,5,0,0,15,10,15,80,0,5,5,0,0,0,5,5,0,0,0,5,0,60,0,25,5,0,10,45,50,20,0,0,20,20,30,75,25,55,5,20,,300,285,5,5,5,0,0,190,20,10,170,50,60,0,35,0,0,0,0,0,10,15,0,20,55,60,45,5,340,205,30,85,250,20,0,0,0,5,25,15,0,0,20,30,0,50,0,,5,5,15,5,10,5,0,0,0,0,5,5,5,0,0,5,0,0,0,5,5,5,0,,0,,0,,0,,0,,0,,0,0
"Tameside","E08000008","E12000002",,199.76,,,,,,,,,,,285,10,245,10,15,10,0,0,5,0,25,125,10,10,0,0,0,0,0,10,0,0,0,5,10,80,5,30,10,0,30,35,40,10,5,0,15,10,45,120,40,105,5,15,,345,320,0,20,5,0,0,170,50,0,200,75,35,0,80,0,0,0,0,0,5,0,0,5,90,60,45,5,355,285,30,30,155,15,55,55,0,55,180,35,0,0,40,20,0,60,0,0,5,5,10,10,10,10,0,0,0,5,5,0,5,0,0,5,0,5,0,0,0,0,0,0,5,0,0,0,0,0,5,0,0,0,10,5
"Trafford","E08000009","E12000002",,202.89,,,,,,,,,,,200,10,165,20,5,15,0,0,20,10,30,270,15,10,5,5,0,0,0,20,0,0,0,0,10,50,15,45,0,0,5,30,55,0,0,0,0,0,70,175,50,130,20,45,,295,265,5,5,20,0,0,75,15,20,185,60,25,0,80,0,0,0,0,0,5,15,0,0,90,60,25,10,330,200,125,0,140,15,0,0,0,15,25,20,0,0,20,0,0,25,0,0,5,5,10,5,10,5,0,0,0,0,0,5,0,0,0,5,0,10,10,0,0,5,0,0,0,0,0,0,5,0,0,0,0,0,5,0
"Warrington","E06000007","E12000002",,215.74,,,,,,,,,,,220,15,210,5,0,0,0,0,5,5,10,55,5,5,5,0,0,0,0,5,0,0,0,5,0,50,5,15,5,0,5,15,0,0,0,40,0,0,30,85,25,55,5,30,,250,245,0,0,0,0,0,120,35,0,145,35,65,0,45,0,0,0,0,0,0,0,0,5,35,15,90,0,345,220,35,90,245,25,0,0,0,5,30,15,0,0,10,15,0,25,0,0,20,5,25,20,25,10,0,10,5,10,15,0,0,15,10,0,0,0,0,0,0,0,0,0,0,0,0,0,0,0,0,0,0,0,0,0
"Wigan","E08000010","E12000002","*",170,,,170,,,,,,,,255,25,225,15,5,0,5,0,5,5,15,55,10,5,0,0,0,0,0,5,0,0,0,0,5,50,5,25,0,0,5,15,15,0,0,0,5,0,35,75,30,60,5,10,,350,345,5,0,0,0,0,225,15,0,195,105,70,0,20,0,0,0,0,0,0,0,0,10,45,95,50,5,400,255,90,60,175,25,10,5,0,25,70,0,0,0,0,15,0,20,0,0,0,5,5,5,5,5,0,0,0,0,0,0,0,0,0,0,0,5,5,0,0,0,0,0,0,0,0,0,0,0,0,0,0,0,5,0
"Wirral","E08000015","E12000002",,188,,,,,,,,,,,475,35,445,15,5,5,0,0,15,0,60,410,25,25,10,0,0,0,0,10,0,0,0,15,35,50,40,15,5,0,30,85,70,20,10,0,30,20,75,180,60,130,15,50,,505,495,5,0,0,0,0,165,35,10,305,55,110,0,120,5,0,0,0,0,10,0,0,15,100,120,70,10,600,475,65,60,245,25,10,0,0,20,50,50,0,0,80,30,0,110,0,,25,20,45,15,40,15,5,10,15,20,5,20,25,5,5,10,0,20,10,0,0,0,5,5,0,0,0,0,,,5,5,0,0,15,10
"Yorkshire and the Humber","E12000003","E12000003",,,,,,,,,,,,,4475,335,3690,405,125,105,105,45,160,30,435,2125,240,135,45,15,5,5,10,205,0,0,30,120,60,1155,135,410,55,15,155,585,670,120,95,110,215,120,555,1450,505,1280,55,170,,6125,5620,55,230,85,20,250,3855,305,270,3605,1195,1185,0,800,15,0,0,20,30,245,90,0,130,1545,1255,725,60,6545,4480,790,1105,4200,275,115,70,15,255,735,380,0,0,220,470,0,695,5,0,130,55,185,130,180,110,15,30,25,115,25,45,85,25,30,50,5,65,55,25,15,15,10,5,40,20,0,0,0,0,15,10,10,5,80,40
"Barnsley","E08000016","E12000003","*",188,,,,,,,10,,,,165,10,160,5,0,0,0,0,0,0,15,55,5,5,0,0,0,0,0,15,0,0,0,0,0,10,10,40,0,0,10,35,30,5,0,0,5,5,25,70,25,70,0,0,,245,240,5,0,0,0,0,145,0,0,140,40,80,0,10,0,0,0,0,5,0,0,0,5,60,60,25,0,250,165,45,40,160,25,5,0,0,15,50,10,0,0,5,15,0,20,0,0,0,0,5,0,5,5,0,0,0,0,0,0,0,0,0,0,0,5,5,,,0,0,0,0,0,0,0,0,0,0,0,0,0,0,0
"Bradford","E08000032","E12000003",,145,,,,,,,33,,,,560,45,375,100,45,10,5,25,20,0,35,70,20,10,0,0,0,0,0,20,0,0,0,15,0,40,15,60,0,15,20,80,55,15,5,0,20,15,45,115,35,90,10,25,,725,580,15,105,10,5,10,400,45,40,430,175,70,0,150,0,0,0,0,0,10,25,0,10,225,135,65,5,710,560,25,95,455,25,50,50,15,125,265,35,0,0,70,5,0,70,5,0,10,10,15,5,20,10,5,0,0,5,5,5,10,0,0,5,0,15,5,0,0,0,0,0,0,0,0,0,0,0,0,0,0,0,5,0
"Calderdale","E08000033","E12000003",,138.88,,,,,,,,,,,165,10,145,5,0,0,10,0,5,0,5,20,5,0,0,0,0,0,0,5,0,0,0,0,0,0,5,10,0,0,5,30,20,0,5,0,5,0,10,25,10,20,0,5,,190,185,0,5,0,0,0,130,10,5,110,55,25,0,25,0,0,0,0,0,5,0,0,5,45,35,30,0,210,165,20,15,205,5,0,0,0,0,5,10,0,0,0,30,0,30,0,0,5,5,10,5,5,5,0,0,0,5,0,5,5,0,0,0,0,5,5,0,0,0,,,5,0,,,,,,,,,5,0
"Doncaster","E08000017","E12000003",,155,,,,,,,13,,,,215,15,205,10,0,0,5,0,5,0,20,60,10,5,5,0,0,0,0,0,0,0,0,15,5,15,10,5,5,0,0,50,55,0,5,0,5,0,15,25,15,25,0,0,,285,280,5,0,0,0,0,180,5,0,165,115,0,0,45,0,0,0,0,5,0,0,0,,50,35,75,5,370,215,45,110,240,10,10,5,0,10,35,35,0,0,55,15,0,70,0,0,5,5,10,5,10,5,0,0,5,5,5,5,5,0,0,5,0,0,0,0,0,,0,0,5,5,0,0,0,0,5,5,0,0,10,10
"East Riding of Yorkshire","E06000011","E12000003","*",270,176,,,,,,,,,,185,10,170,5,0,0,5,0,5,5,30,175,15,10,5,5,0,0,0,10,0,0,5,10,0,130,5,25,0,0,15,30,20,10,5,0,15,10,35,100,25,55,15,45,,255,220,0,0,0,0,35,180,20,0,145,100,10,0,30,0,0,0,0,0,0,0,0,5,55,50,30,5,280,185,50,45,430,20,5,0,0,25,55,15,0,0,15,5,0,20,0,0,10,0,15,10,15,5,0,5,5,5,0,10,10,5,0,0,0,0,0,,,0,0,0,,,,,,,0,0,,,0,0
"Kingston Upon Hull","E06000010","E12000003",,226.37,,,,,,,,,,,485,55,450,15,5,0,15,0,0,0,20,55,10,10,0,0,0,0,0,5,0,0,0,0,10,10,10,40,0,0,15,40,105,10,10,0,20,10,100,285,100,280,0,5,,605,595,0,5,0,0,5,325,35,35,365,10,200,0,120,5,0,0,0,0,10,20,0,30,150,130,75,10,665,485,20,140,255,15,0,0,0,5,20,50,0,0,40,50,0,85,0,0,0,0,5,5,5,5,0,0,0,0,0,0,0,0,0,0,0,5,5,0,0,0,0,0,5,0,0,0,0,0,0,0,5,0,10,0
"Kirklees","E08000034","E12000003",,218.29,,,,,,,8,,,,295,15,220,50,15,5,5,0,15,10,20,110,10,5,0,0,0,0,0,10,0,0,0,5,5,45,5,20,5,0,15,40,60,10,0,0,10,10,45,105,45,100,0,5,,400,335,5,50,5,0,0,245,20,5,225,70,100,0,40,0,0,0,0,10,0,5,0,0,110,75,35,5,385,295,90,0,305,20,5,0,0,10,30,15,0,0,0,20,0,20,0,0,10,5,15,10,15,15,0,0,0,10,5,0,5,5,5,0,0,5,5,0,0,0,0,0,5,5,0,0,0,0,0,0,0,0,5,5
"Leeds","E08000035","E12000003","*",188.54,,,,,,,65,,,,830,50,635,110,15,55,15,0,40,0,90,350,55,30,5,0,0,0,5,50,0,0,5,15,10,80,55,40,0,0,15,85,35,25,20,95,45,25,105,285,100,260,5,25,,1170,1060,15,40,40,5,5,655,85,75,720,190,180,0,180,10,0,0,20,5,140,0,0,30,270,260,175,15,1385,830,120,385,485,50,0,0,0,0,50,85,0,0,20,140,0,160,0,0,40,5,50,40,50,25,5,15,0,45,5,0,25,5,10,10,0,0,0,5,5,5,0,0,10,5,0,0,0,0,0,0,5,0,15,10
"North East Lincolnshire","E06000012","E12000003","*",165,257,,,,,,3,,,,245,15,230,5,5,0,0,0,5,5,15,80,10,5,0,0,0,0,0,15,0,0,0,5,0,75,0,10,5,0,0,10,45,0,5,5,5,0,15,30,10,25,0,0,,245,240,0,5,0,0,0,170,15,0,150,55,45,0,45,0,0,0,0,0,0,0,0,10,45,55,40,5,305,245,60,5,45,5,5,5,0,5,20,30,0,0,0,30,0,30,0,0,5,5,10,5,10,5,0,5,5,5,0,0,5,5,0,0,0,5,5,10,0,0,0,0,0,0,0,0,0,0,0,0,0,0,5,0
"North Lincolnshire","E06000013","E12000003","*",109.5,,,,,,,,,,,170,15,150,5,5,0,10,0,5,0,35,235,15,15,5,0,0,0,0,15,0,0,0,10,5,180,5,45,15,0,0,30,45,5,0,0,5,5,35,75,30,70,0,5,,220,215,0,5,5,0,0,165,0,10,125,25,70,0,15,0,0,0,0,0,10,0,0,10,35,50,35,5,265,170,45,30,110,5,10,5,0,10,30,15,0,0,0,35,0,35,0,,5,5,10,5,10,10,0,0,0,5,0,5,0,0,5,5,0,10,10,0,0,0,0,0,0,0,0,0,0,0,0,0,0,0,0,0
"North Yorkshire","E10000023","E12000003",,205.62,120.82,,,,,,29,,,,310,35,280,15,5,0,10,0,30,0,65,500,40,20,10,0,0,0,0,15,0,0,0,30,20,320,10,55,10,0,0,35,65,15,10,10,25,15,40,100,40,100,0,0,,555,545,0,0,0,5,0,370,55,25,310,90,130,0,55,0,0,0,0,0,15,15,0,10,185,90,30,5,480,310,50,105,430,55,0,0,0,10,65,20,0,0,0,70,0,75,0,0,10,5,15,10,15,10,0,0,5,10,0,0,5,0,0,5,0,0,0,5,5,5,0,0,5,0,0,0,0,0,0,0,0,0,10,0
"Rotherham","E08000018","E12000003",,189,,,,,,,19,,,,190,25,155,15,10,5,0,5,10,5,25,200,10,5,5,0,0,0,0,10,0,0,10,0,0,95,5,10,10,0,40,70,15,0,10,0,10,0,50,125,50,120,0,0,,300,290,5,5,0,0,0,220,0,15,165,40,100,0,5,0,0,0,0,5,5,10,0,10,65,70,25,0,290,190,65,40,190,15,5,5,0,10,35,5,0,0,5,20,0,25,0,0,5,5,10,5,5,10,0,0,5,5,0,5,0,0,0,5,0,10,10,0,0,0,0,0,5,0,,,,,,,,,5,5
"Sheffield","E08000019","E12000003",,188,,,,,,,24,,,,310,25,210,45,10,25,10,10,10,5,35,100,20,10,5,0,0,0,0,30,0,0,0,5,0,100,0,25,5,0,20,30,105,20,5,0,25,20,35,95,20,45,15,50,,455,395,5,10,20,5,20,340,0,25,285,80,125,0,40,0,0,0,0,0,40,0,0,5,140,110,35,0,465,310,85,50,635,15,0,0,0,15,30,35,0,0,0,15,0,20,0,0,5,5,10,5,10,10,0,0,0,5,0,0,5,0,0,0,0,5,5,5,5,5,0,0,0,0,0,0,0,0,0,0,0,0,0,0
"Wakefield","E08000036","E12000003","*",253,184,,,,,,11,,,,230,15,190,10,5,5,15,5,0,0,10,30,5,0,0,0,0,0,0,0,0,0,0,10,0,15,0,,,,,,,,,,,,0,0,0,0,0,0,,285,280,0,0,5,0,0,215,10,10,160,80,45,0,25,0,0,0,0,0,5,5,0,0,70,70,15,0,270,230,25,15,135,10,20,0,0,15,45,15,0,0,0,10,0,15,0,0,5,0,5,5,5,5,0,0,0,0,0,5,5,0,0,0,0,5,5,0,0,,0,0,0,0,0,0,0,0,0,0,0,0,5,5
"York","E06000014","E12000003","*",220,,,,,,,,,,,125,5,110,10,0,0,0,0,5,0,15,85,10,5,0,0,0,0,0,0,0,0,0,5,5,35,0,25,5,0,5,25,20,0,15,0,15,0,10,25,10,25,0,0,,190,160,0,0,0,0,25,115,5,25,110,70,5,0,15,0,0,0,0,0,5,10,0,0,40,30,35,0,215,125,45,30,120,0,0,0,0,0,0,5,0,0,10,10,0,20,0,0,5,0,5,5,5,5,0,0,0,5,0,0,0,0,5,0,0,0,0,0,0,0,0,0,0,0,,,,,,,0,0,5,0
"East Midlands","E12000004","E12000004",,,,,,,,,,,,,2480,305,2005,285,70,75,35,20,70,15,210,1210,100,80,25,10,5,0,5,95,0,0,0,50,55,580,55,280,165,5,170,355,650,40,65,45,105,40,280,890,260,810,15,80,,3395,2970,45,85,115,15,165,2110,125,135,2185,410,1050,0,395,5,55,10,10,30,75,130,0,80,815,750,550,70,4260,2490,1130,625,2865,155,65,10,10,135,375,235,0,10,120,335,10,470,5,0,50,65,115,50,130,70,10,25,20,50,35,40,45,5,30,35,5,30,30,25,15,10,5,0,25,10,0,0,0,0,0,0,0,0,35,15
"Derby","E06000015","E12000004",,241.72,,,,,,,,,,,100,20,70,20,5,5,0,0,5,0,5,10,0,0,0,0,0,0,0,5,0,0,0,0,0,10,0,10,0,0,30,30,40,0,10,5,10,0,30,70,25,65,5,10,,205,175,0,0,10,0,15,145,5,10,120,60,35,0,10,0,0,0,0,0,15,0,0,5,55,50,15,0,200,100,80,25,180,5,10,0,0,5,25,5,0,0,10,20,0,30,0,0,0,0,0,0,0,0,0,0,0,0,0,0,0,0,0,0,0,0,0,0,0,0,0,0,0,0,0,0,0,0,0,0,0,0,5,5
"Derbyshire","E10000007","E12000004",,206.9,,,,,,,,,,,315,50,280,25,0,0,5,5,25,0,20,120,15,5,0,0,0,0,0,15,0,0,0,0,5,110,10,25,0,0,35,50,75,0,0,0,5,0,100,205,100,200,5,5,,405,395,5,5,0,0,0,335,5,5,400,0,295,0,25,0,55,0,0,10,5,10,0,5,155,195,55,0,705,315,115,215,600,35,0,0,0,0,35,25,0,0,0,50,0,50,0,0,10,5,15,10,10,10,0,0,0,5,5,5,5,0,0,10,0,10,10,5,5,5,0,0,5,0,0,0,0,0,0,0,0,0,5,0
"Leicester","E06000016","E12000004",,166.3,,,,,,,,,,,405,50,255,70,40,30,5,5,0,0,30,345,15,10,5,0,0,0,0,10,0,0,0,15,5,95,5,30,10,0,0,30,60,10,10,0,15,10,45,100,45,100,0,0,,395,290,15,55,30,10,0,130,10,5,265,70,85,0,95,0,0,0,5,0,10,0,0,10,105,100,50,5,490,405,25,60,315,15,10,0,0,10,35,35,0,0,15,35,0,50,0,0,10,40,45,5,50,20,5,10,15,20,10,15,20,0,20,10,0,0,0,0,0,0,0,0,0,0,0,0,0,0,0,0,0,0,0,0
"Leicestershire","E10000018","E12000004",,219,,,,,,,7,,,,235,10,190,30,5,5,5,0,5,5,35,160,15,10,5,0,0,0,0,15,0,0,0,10,5,90,5,5,5,0,25,85,35,0,10,0,10,0,,,,,,,,345,200,5,5,0,0,135,185,15,15,190,10,105,0,65,0,0,0,0,0,10,0,0,5,90,65,30,5,325,235,30,70,585,15,15,0,0,25,55,40,0,5,5,35,10,50,5,0,,,0,,10,5,0,0,,5,,10,,,,,0,0,5,0,0,,0,0,,,,,,,,,,,0,0
"Lincolnshire","E10000019","E12000006",,233.65,,,,,,,31,,,,460,85,430,25,5,0,0,0,10,5,20,85,20,0,0,0,0,0,0,5,0,0,0,5,10,40,10,50,35,0,10,75,185,25,5,0,30,25,25,55,25,55,0,0,,610,600,0,0,5,0,0,395,55,25,340,65,150,0,85,5,0,5,0,10,20,0,0,35,105,115,115,5,700,460,130,125,225,15,25,10,0,35,80,60,0,0,30,130,0,160,0,0,15,5,25,15,30,15,0,0,5,5,15,0,15,5,0,0,0,5,5,15,5,5,0,,5,0,0,,0,,0,,0,,5,0
"Northamptonshire","E10000021","E12000004",,268.33,,,,,,,,,,,365,35,290,35,5,15,5,15,15,0,40,175,15,15,5,5,0,0,0,15,0,0,0,10,15,70,15,15,5,5,55,60,80,5,0,0,5,5,70,160,65,140,5,20,,535,490,10,10,25,5,0,285,10,5,315,30,180,0,70,0,0,5,0,5,10,20,0,5,150,110,55,0,540,365,135,40,395,30,0,0,0,20,50,45,0,5,5,45,0,50,0,0,5,10,10,5,10,5,,5,0,5,0,5,0,,5,5,0,5,5,0,0,0,0,,5,,,,,,,,,,5,0
"Nottingham","E06000018","E12000004",,185,,,,,,,4,,,,215,20,145,40,5,15,5,0,5,5,10,75,5,5,0,0,0,0,0,10,0,0,0,0,0,20,0,,,0,20,15,70,0,0,0,0,0,5,15,0,0,5,15,,315,260,5,5,35,0,10,190,0,10,195,5,150,0,15,0,0,0,5,0,5,5,0,15,100,65,25,5,320,215,100,15,420,25,0,0,0,25,50,10,0,0,35,0,0,40,0,0,5,0,5,5,10,5,0,0,0,0,5,0,5,0,,0,0,0,0,0,0,0,0,0,5,5,0,0,0,0,0,0,0,0,5,5
"Nottinghamshire","E10000024","E12000004",,188,,,,,,,32,,,,375,35,320,35,5,5,10,0,5,0,50,230,10,30,5,5,0,0,0,20,0,0,0,15,15,140,15,140,115,0,0,15,100,0,30,35,30,0,,,,,,,,545,520,5,5,10,0,5,420,15,60,340,165,40,0,25,0,0,0,0,5,0,95,0,0,50,35,205,50,945,375,500,70,125,15,0,0,10,10,35,15,0,0,15,20,0,35,0,0,5,5,10,5,10,5,0,5,0,5,0,5,0,0,0,10,0,5,0,0,0,0,0,0,5,0,0,0,0,0,0,0,0,0,5,0
"Rutland","E06000017","E12000004",,250,230,218,,,,,1,,,,20,0,20,0,0,0,0,0,0,0,0,0,0,0,0,0,0,0,0,0,0,0,0,0,0,0,0,0,0,0,0,0,10,0,0,0,0,0,0,5,0,5,0,0,,40,40,0,0,0,0,0,25,10,0,20,5,10,0,5,0,0,0,0,0,0,0,0,0,5,15,0,0,35,20,15,5,20,0,5,0,0,5,10,0,0,0,5,0,0,5,0,0,0,0,0,0,0,0,0,0,0,0,0,0,0,0,0,0,0,0,0,0,0,0,0,0,0,0,0,0,0,0,0,0,0,0,0,0
"West Midlands","E12000005","E12000005",,,,,,,,,,,,,4385,310,3345,575,150,185,70,60,215,70,325,1465,135,115,50,25,0,10,15,165,0,5,10,80,40,725,90,275,65,0,400,650,650,95,40,245,135,95,575,1580,415,995,160,585,,5645,4820,70,250,275,20,175,3165,335,135,3260,610,1515,10,940,5,15,0,15,15,60,65,0,100,1480,1160,555,50,5705,4385,785,525,3255,200,205,115,5,135,660,385,0,10,265,435,15,725,5,0,65,75,145,70,140,70,5,25,35,85,20,35,50,40,20,35,5,55,40,15,10,10,10,5,20,10,10,5,5,0,15,10,10,0,70,30
"Birmingham","E08000025","E12000005",,250,,,,,,,37,,,,675,70,370,145,55,70,20,10,30,10,35,75,15,10,5,0,0,0,0,25,0,0,0,10,0,35,10,25,10,0,85,120,15,15,5,235,25,15,0,0,0,0,0,0,,785,530,25,100,120,5,0,570,25,15,470,105,270,10,65,0,0,0,0,0,15,0,0,10,210,175,85,0,820,675,70,65,755,15,10,0,0,0,30,25,0,5,20,30,0,55,0,0,10,10,20,10,20,10,0,5,5,15,5,0,5,5,5,5,0,15,5,0,0,0,5,5,0,0,10,5,0,0,5,5,0,0,20,15
"Coventry","E08000026","E12000005",,210,,,,,,,,,,,260,15,180,45,10,15,10,0,10,5,25,120,0,10,10,5,0,0,0,15,0,0,0,5,5,60,10,30,10,0,20,50,70,10,0,0,10,10,50,130,50,130,0,0,,365,310,0,25,20,5,0,175,0,0,220,45,125,0,50,0,0,0,0,0,0,0,0,5,120,70,25,5,355,260,65,35,660,35,100,30,0,40,200,30,0,0,30,20,0,45,0,0,10,5,15,10,20,5,0,5,5,10,5,0,10,0,5,0,0,0,0,0,0,0,0,0,5,0,0,0,0,0,0,0,0,0,5,0
"Dudley","E08000027","E12000005","*",200,,,,,,,,,,,325,25,270,45,5,5,0,0,10,0,25,140,10,10,5,0,0,0,0,5,0,0,0,0,20,70,10,60,15,0,10,45,65,10,5,0,20,10,0,0,0,0,0,0,,415,385,5,5,5,5,5,195,45,10,235,40,80,0,95,0,10,0,0,0,10,0,0,10,115,85,30,5,395,325,25,35,170,20,45,60,0,20,145,35,0,0,15,45,15,75,0,0,0,15,15,0,15,5,0,5,5,5,5,5,0,10,0,0,0,0,0,0,0,0,0,0,0,0,0,0,0,0,5,0,0,0,5,0
"Herefordshire","E06000019","E12000005","*",215.25,,,125,,,,,,,,210,25,200,5,0,0,0,0,0,10,10,25,5,5,0,0,0,0,0,10,0,0,0,0,0,25,0,,,0,0,5,0,0,0,0,0,0,10,35,10,35,0,0,,250,220,0,0,0,0,30,140,15,0,145,15,75,0,40,0,5,0,0,0,0,0,0,0,45,45,45,5,300,210,55,35,,5,0,0,0,0,5,15,,,,,,,,,,,0,,,,,,,,,,,,,,,,,0,0,5,,,,,,,,,,,,,0,0
"Sandwell","E08000028","E12000005",,239.15,,,,,,,,,,,285,10,175,65,20,25,5,0,20,5,15,190,0,5,5,5,0,5,5,0,0,0,5,0,0,45,5,,,0,20,40,30,5,5,0,10,5,0,0,0,0,0,0,,325,170,5,45,40,0,65,180,10,5,190,20,105,0,60,0,0,0,0,0,5,0,0,10,70,75,35,5,355,285,45,30,125,10,0,0,0,0,15,25,0,0,0,25,0,25,0,0,15,0,15,15,10,10,0,0,10,5,0,10,5,10,0,0,0,0,0,0,0,0,0,0,5,0,0,0,0,0,0,0,0,0,5,0
"Shropshire","E06000051","E12000005",,,,,,,,,,,,,190,10,170,5,0,0,0,5,5,0,20,60,10,5,5,0,0,0,0,10,0,0,0,0,5,55,5,0,0,0,15,25,25,5,0,0,5,5,45,120,45,105,5,10,,250,250,0,0,0,0,0,120,0,10,140,45,35,0,55,0,0,0,0,0,0,5,0,10,65,55,15,0,235,190,25,30,80,10,10,5,5,10,35,15,0,5,5,20,0,25,0,0,10,0,10,5,10,5,0,5,0,10,0,0,5,0,0,5,0,0,0,0,0,0,0,0,0,0,0,0,0,0,0,0,0,0,0,0
"Solihull","E08000029","E12000005",,216.42,,,,,,,,,,,190,25,135,30,5,5,5,15,15,5,5,10,5,0,0,0,0,0,0,0,0,0,0,5,0,10,0,25,0,0,20,20,45,5,0,0,5,5,30,90,25,65,5,25,,250,210,5,15,10,0,10,125,20,5,145,20,55,0,60,0,0,0,0,5,5,5,0,5,55,65,25,0,265,190,15,50,105,5,15,5,0,15,35,30,0,0,25,25,0,45,0,0,0,5,5,0,5,0,,0,0,0,,5,,0,0,0,0,5,5,0,0,0,0,0,,,,,,,,,,,0,0
"Staffordshire","E10000028","E12000005",,188.02,,,,,,,,,,,475,45,435,25,10,0,5,0,5,0,30,90,15,10,0,0,0,0,0,25,0,0,0,0,0,45,10,30,0,0,50,55,90,15,0,0,15,15,70,270,55,135,15,135,,670,650,5,5,10,0,0,405,55,35,375,100,150,0,95,0,0,0,0,5,5,25,0,10,195,120,55,5,625,475,85,65,585,20,0,0,0,20,45,45,0,0,10,85,0,95,0,0,5,5,10,5,10,5,0,0,0,0,5,5,5,0,0,0,0,10,5,5,5,5,0,0,5,5,0,0,0,0,0,0,0,0,5,5
"Stoke-on-Trent","E06000021","E12000005","*",160,,,,,,,,,,,305,20,245,25,15,10,0,10,0,0,5,10,5,0,0,0,0,0,0,0,0,0,0,5,0,5,5,30,20,0,15,45,25,5,0,0,5,5,130,360,40,85,90,275,,430,410,5,15,0,5,0,260,25,15,240,0,145,0,85,0,0,0,0,0,5,10,0,15,135,85,25,0,370,305,45,30,95,5,0,0,0,0,5,25,0,0,25,15,0,45,0,,5,0,5,5,5,5,,,,5,,0,,5,,,0,5,5,,,,,,5,0,,,,,5,0,0,,5,5
"Telford and Wrekin","E06000020","E12000005",,120,,,,,,,8,,,,170,20,155,15,0,0,0,0,0,0,15,40,10,5,0,0,0,0,0,5,0,0,0,5,0,35,0,20,5,0,20,35,45,0,0,0,5,0,20,70,15,40,5,30,,225,215,5,0,0,0,0,140,20,5,125,35,50,0,35,0,0,0,0,0,5,0,0,5,50,45,25,0,225,170,30,30,120,15,5,5,0,5,25,10,0,0,15,15,0,35,0,0,0,5,5,0,5,5,0,0,0,5,0,0,5,0,0,0,0,5,5,0,0,0,0,0,0,0,0,0,0,0,0,0,0,0,5,0
"Walsall","E08000030","E12000005",,232,,,,,,,,,,,310,15,225,60,10,10,0,5,5,0,35,245,10,15,5,5,0,0,0,15,0,0,0,5,10,95,10,0,0,0,30,60,70,0,0,0,0,0,35,80,35,80,0,0,,385,335,5,15,25,0,0,200,30,5,220,35,95,0,80,0,0,0,0,0,0,5,0,5,105,80,30,5,370,310,30,35,135,15,10,0,0,10,35,25,0,0,45,35,0,80,0,0,5,5,10,10,10,5,0,0,5,0,0,10,0,0,0,10,0,5,5,0,0,0,0,0,5,0,0,0,0,0,0,0,0,0,5,0
"Warwickshire","E10000031","E12000005",,180,,,,,,,,,,,375,15,320,30,5,10,10,0,45,20,70,320,35,25,10,5,0,0,5,30,0,5,5,25,0,140,20,15,10,0,20,75,65,10,15,0,25,10,40,95,35,85,5,10,,490,475,0,0,5,0,0,320,20,15,285,30,150,0,65,5,0,0,15,5,0,10,0,10,110,90,75,5,540,375,155,10,260,10,0,0,0,0,10,35,0,0,0,85,0,90,5,0,,30,30,,30,15,0,5,5,25,0,,10,10,0,10,0,0,0,0,0,0,5,0,0,0,,,,,0,,0,,5,0
"Wolverhampton","E08000031","E12000005",,255,,,,,,,,,,,270,10,155,50,10,35,10,15,5,5,15,90,5,10,5,0,0,0,0,5,0,0,0,10,0,90,0,,,0,65,0,45,0,0,10,0,0,65,160,30,70,35,90,,345,220,5,20,35,0,65,160,25,0,205,115,40,0,50,0,0,0,0,0,0,0,0,,90,80,25,10,370,270,85,15,,20,10,10,0,10,50,15,0,0,20,10,0,30,,,0,0,0,0,0,0,0,0,0,0,0,0,0,0,0,0,0,0,0,,,0,,,,,,,,,,,,,0,0
"Worcestershire","E10000034","E12000005",,197.5,,,,,,,,,,,345,10,310,30,5,0,0,0,55,10,20,40,15,5,0,0,0,0,0,10,0,0,0,5,0,15,10,40,0,0,30,80,65,10,5,0,15,10,75,175,75,170,0,5,,460,440,5,5,5,0,0,175,45,15,265,5,140,0,105,0,0,0,0,0,10,5,0,5,115,90,60,5,480,345,55,60,165,15,0,0,0,5,25,55,0,0,55,25,0,80,0,0,5,0,5,5,5,5,0,0,0,0,0,5,0,0,0,5,0,5,5,5,0,0,0,0,0,0,0,0,0,0,0,0,0,0,0,0
"East of England","E12000006","E12000006",,,,,,,,,,,,,2975,340,2375,295,80,130,70,25,205,30,360,1715,210,100,40,15,5,0,5,110,0,5,20,90,125,775,160,360,65,0,195,415,620,100,50,205,150,100,375,875,295,690,80,180,,4420,3920,25,100,165,35,170,2690,140,130,2585,840,1045,0,390,0,5,0,25,75,95,105,5,75,1005,990,525,65,4845,2975,1010,825,3930,170,55,30,0,125,395,195,0,5,110,405,10,535,0,0,55,40,95,50,90,45,5,20,25,35,35,25,45,20,15,15,0,55,50,10,10,10,10,5,20,5,0,0,5,0,5,5,15,5,65,25
"Bedford","E06000055","E12000006",,271.08,,,,,,,,,,,95,0,50,25,0,15,0,0,5,0,10,20,0,5,0,0,0,0,0,0,0,0,0,5,0,10,5,,,0,5,20,35,5,0,0,5,5,10,20,10,20,0,0,,140,125,5,5,5,0,0,100,5,0,80,15,50,0,10,0,0,0,5,0,0,0,0,0,30,35,15,0,150,95,40,15,285,5,0,0,0,0,5,10,0,0,0,15,0,20,0,0,5,0,5,5,5,5,0,0,0,0,0,5,0,5,0,0,0,5,5,0,0,0,0,0,0,0,0,0,0,0,0,0,0,0,0,0
"Cambridgeshire","E10000003","E12000006",,250,230,180,,,,,,,,,225,50,185,30,5,0,5,0,15,0,35,205,20,10,5,5,0,0,0,30,0,0,0,5,0,190,0,10,10,0,30,35,10,10,5,70,15,10,35,90,15,40,20,45,,320,290,0,0,5,5,20,175,0,20,185,50,95,0,25,0,0,0,0,0,0,15,0,20,65,75,35,10,360,225,80,55,525,20,5,5,0,20,50,15,0,0,5,10,0,15,0,0,0,0,5,0,5,0,0,0,0,5,0,0,0,0,0,0,0,5,5,,,,0,,0,,0,,0,,0,,0,,0,0
"Central Bedfordshire","E06000056","E12000006",,246.47,,,,,,,,,,,120,5,95,10,10,5,0,0,5,0,5,15,0,5,0,0,0,0,0,0,0,0,0,5,0,10,0,10,0,0,25,10,20,0,0,0,0,0,10,30,10,30,0,0,,175,155,0,5,10,0,0,140,15,5,95,20,45,0,15,0,0,0,5,0,5,5,0,0,30,50,20,0,185,120,35,20,110,10,5,5,0,5,25,0,0,0,0,10,0,15,0,0,0,0,0,0,0,0,0,0,0,0,0,0,0,0,0,0,0,0,0,0,0,0,0,0,0,0,0,0,0,0,0,0,0,0,0,0
"Essex","E10000012","E12000006",,223.23,,,,,,,,,,,520,40,415,45,5,25,25,0,5,0,70,185,35,25,5,5,0,0,0,30,0,0,5,25,15,25,55,145,0,0,55,105,110,10,30,0,40,10,55,130,45,105,15,25,,785,735,5,5,15,5,20,630,40,5,450,40,320,0,40,0,0,0,0,20,10,20,0,10,140,175,125,10,910,520,225,170,755,25,5,0,0,20,55,10,0,5,5,75,0,80,0,0,10,10,20,10,20,10,0,5,5,5,5,5,5,5,5,5,0,5,5,5,5,5,,,0,0,,,0,0,,,0,0,5,0
"Hertfordshire","E10000015","E12000006",,156.99,,,,,,,,,,,480,35,375,60,10,25,10,0,15,5,75,365,70,5,0,0,0,0,0,20,0,0,0,20,30,130,35,50,35,0,20,70,160,45,5,0,50,45,80,180,50,120,30,60,,780,660,5,30,50,15,20,490,30,55,460,110,260,0,35,0,0,0,0,5,25,30,0,0,225,170,65,5,775,480,75,215,755,25,20,15,0,15,80,20,0,0,20,85,0,105,0,0,0,5,5,5,5,5,0,0,0,5,0,0,5,0,0,0,0,0,0,0,0,0,0,0,5,0,0,0,0,0,0,0,0,0,10,0
"Luton","E06000032","E12000006",,237,,,,,,,,,,,145,10,70,35,25,15,5,0,15,5,30,115,10,10,5,0,0,0,0,5,0,0,0,0,20,10,25,20,5,0,20,30,55,10,0,0,10,10,30,85,30,80,0,5,,235,145,5,45,40,0,5,100,10,0,140,25,50,0,35,0,5,0,5,5,10,10,0,0,60,55,20,0,240,145,95,0,140,5,5,0,0,5,15,25,0,0,35,25,0,60,0,0,5,0,5,5,5,5,0,0,0,0,0,0,0,0,0,5,0,5,5,0,0,0,0,0,0,0,0,0,0,0,0,0,0,0,5,0
"Norfolk","E10000020","E12000006",,189,,,,,,,,,,,435,90,375,25,5,10,10,20,25,0,15,50,10,0,0,0,0,0,0,5,0,0,0,5,0,30,0,35,0,0,0,75,60,0,5,30,5,0,35,80,35,75,0,5,,675,590,5,0,5,5,75,345,5,35,385,280,0,0,70,0,0,0,0,10,25,0,0,0,125,140,110,10,780,435,155,185,370,25,5,5,0,30,65,45,0,0,10,125,0,130,0,0,15,10,25,10,20,10,0,5,5,5,15,0,20,0,0,5,0,20,20,0,0,0,0,0,5,5,0,0,0,0,0,0,10,5,20,5
"Peterborough","E06000031","E12000006",,115.48,,,,,,,,,,,165,20,125,20,5,10,0,0,0,0,25,65,20,5,0,0,0,0,0,0,0,0,0,0,25,30,10,,,0,0,0,0,0,0,105,0,0,5,10,5,10,0,0,,265,225,0,5,0,0,30,125,5,0,175,95,5,0,25,0,0,0,10,35,0,0,5,,80,50,25,20,335,165,170,,260,10,0,0,0,0,10,15,0,0,0,0,10,10,0,0,0,0,5,5,5,0,0,0,0,,0,0,0,0,0,0,,5,0,,,,0,,,,,,,,,,0,0,0,0
"Southend-on-Sea","E06000033","E12000006",,161.55,,,,,,,,,,,180,20,165,5,0,5,5,0,25,0,30,85,10,15,5,0,0,0,5,15,0,0,10,0,0,30,10,35,0,0,10,25,65,0,0,0,0,0,15,35,15,25,5,5,,185,175,0,0,5,5,0,65,0,0,115,30,65,0,20,0,0,0,0,0,0,0,0,20,40,60,15,5,215,180,35,10,230,10,0,0,0,10,25,5,0,0,0,15,0,15,0,0,5,5,10,5,10,0,0,5,5,5,0,5,0,5,5,0,0,0,0,,,0,10,5,5,0,0,0,5,0,5,5,0,0,20,10
"Suffolk","E10000029","E12000006",,188,,,,,,,,,,,485,70,430,25,10,20,5,0,35,10,40,265,25,10,5,0,0,0,0,10,0,0,0,25,10,225,5,20,0,0,15,25,40,10,5,0,15,10,75,170,60,135,15,35,,685,670,0,0,10,0,0,420,25,10,395,135,115,0,95,0,0,0,0,0,20,25,0,20,170,145,70,5,700,485,65,115,310,20,0,0,0,20,40,40,0,0,25,25,0,55,0,0,5,10,15,5,15,5,0,0,5,10,5,5,10,5,0,0,0,10,10,5,5,5,0,0,0,0,0,0,0,0,0,0,0,0,0,0
"Thurrock","E06000034","E12000006",,246,,,,,,,,,,,125,0,90,15,5,10,5,0,65,5,30,350,10,5,10,5,0,0,0,5,0,0,0,5,20,95,10,35,10,0,20,15,65,5,5,0,10,5,20,50,20,50,0,5,,175,150,0,5,20,0,0,100,5,0,105,40,40,0,20,0,0,0,0,0,0,0,0,5,40,35,25,0,195,125,35,40,190,15,10,0,0,0,25,10,0,0,10,20,0,30,0,0,0,0,0,0,0,0,0,0,0,0,0,0,0,0,,,0,0,0,0,0,0,0,0,0,0,0,0,0,0,0,0,0,0,0,0
"London","E12000007","E12000007",,,,,,,,,,,,,3670,235,1380,665,365,980,245,30,255,115,655,3850,155,255,160,85,0,15,5,240,0,5,40,175,170,1495,250,325,90,5,305,490,1260,160,190,20,350,160,635,1605,595,1475,40,130,,5265,2320,135,595,1995,120,85,3480,145,65,3540,770,1925,10,500,5,0,0,5,30,60,35,80,75,1615,1285,590,30,6130,3840,1360,940,4930,275,125,110,10,245,795,255,0,0,275,365,15,675,0,0,120,35,155,125,150,80,15,30,30,90,25,40,80,25,25,25,0,75,30,10,10,10,60,15,35,15,15,10,15,5,85,35,85,50,295,135
"Inner London",,,,,,,,,,,,,,,1420,105,360,280,140,525,105,10,100,50,270,1610,65,105,65,40,0,10,5,105,0,5,20,40,85,490,115,125,55,5,105,195,550,85,45,10,120,75,270,675,260,650,5,25,,2160,690,75,255,1025,40,75,1370,80,35,1550,220,910,10,225,0,0,0,5,25,20,35,80,10,815,510,210,15,2535,1595,505,430,1955,120,15,5,10,85,245,120,0,0,100,145,0,250,0,0,35,15,50,30,45,25,5,10,5,35,10,5,30,5,10,10,0,35,15,0,0,5,45,15,20,5,0,0,10,5,75,30,75,45,225,105
"Camden","E09000007","E12000007","*",217,301,,,,,,12,,,,80,5,30,15,5,20,5,0,5,0,10,60,0,0,5,0,0,0,0,5,0,0,5,0,0,15,0,0,0,0,5,10,15,5,0,0,10,5,5,10,5,10,0,0,,110,45,10,10,45,0,0,80,5,0,80,20,45,0,10,0,0,0,0,0,0,0,0,0,35,35,10,0,135,80,20,35,80,5,5,0,0,5,15,5,0,0,5,5,0,10,0,0,5,5,10,5,10,5,0,0,5,5,0,0,10,0,0,0,0,10,0,0,0,,0,0,0,0,0,0,0,0,0,0,0,0,5,0
"City of London","E09000001","E12000007",,0,,,,,,,,,,,0,,,,,,,,,,,,,,,,,,,,,,,,,,,,,,,,,,,,,,,,,,,,,,,,,,,,,,,,,,,,,,,,,,,,,,,,,,,,,,,,,,,,,,,,,,,,,,,,,,,,,,,,,,,,,,,,,,,,,,,,,,,,,,,,
"Hackney","E09000012","E12000007",,241,,,,,,,,,,,125,20,40,25,5,50,5,0,10,10,20,120,5,5,0,5,0,0,0,0,0,0,5,15,0,10,15,15,10,0,10,10,35,15,5,0,20,15,35,90,35,90,0,0,,175,60,15,5,90,0,0,85,10,0,130,45,50,0,30,0,0,0,0,0,0,0,0,0,75,40,10,0,195,125,35,40,,20,0,0,0,10,30,15,0,0,20,5,0,30,,,5,0,5,5,0,5,0,0,0,0,0,0,5,0,0,0,0,0,0,0,0,,,,,,,,,,5,0,0,0,5,0
"Hammersmith and Fulham","E09000013","E12000007",,100,,,237,,,,7,,,,0,,,,,,,,,,,,,,,,,,,,,,,,,,,,,,,,,,,,,,,,,,,,,,,,,,,,,,,,,,,,,,,,,,,,,,,,,,,,,,,,,,,,,,,,,,,,,,,,,,,,,,,,,,,,,,,,,,,,,,,,,,,,,,,,
"Haringey","E09000014","E12000007",,205,,,205,,,,,,,,155,5,45,15,5,80,10,0,5,5,40,290,0,25,15,0,0,0,0,0,0,0,0,0,35,15,35,10,5,0,5,20,90,0,0,0,0,0,35,75,30,65,5,10,,215,50,5,15,120,5,20,140,20,0,165,0,120,0,35,0,0,0,0,5,5,0,0,,85,60,20,5,270,155,55,60,45,10,0,0,0,10,25,15,0,0,15,5,0,25,0,0,0,0,0,0,0,,0,,,0,,0,,,,0,0,0,0,,,,0,0,0,0,0,0,0,0,5,5,0,0,5,5
"Islington","E09000019","E12000007","*",216,,,,,,,23,,,,160,10,60,40,5,40,5,5,10,0,20,65,10,10,0,0,0,0,0,5,0,0,0,0,15,15,10,5,0,0,10,20,40,25,0,0,25,25,20,50,20,50,0,0,,210,95,15,15,80,5,0,115,5,5,155,25,85,0,35,0,0,0,0,0,0,5,0,0,105,35,10,0,215,160,10,45,185,10,0,0,10,10,30,15,0,0,5,30,0,35,0,0,5,0,10,5,5,5,0,0,0,5,0,0,5,0,0,5,0,10,0,0,0,0,5,0,0,0,0,0,5,5,5,0,0,0,15,5
"Kensington and Chelsea","E09000020","E12000007",,100,,,237,,,,7,,,,0,,,,,,,,,,,,,,,,,,,,,,,,,,,,,,,,,,,,,,,,,,,,,,,,,,,,,,,,,,,,,,,,,,,,,,,,,,,,,,,,,,,,,,,,,,,,,,,,,,,,,,,,,,,,,,,,,,,,,,,,,,,,,,,,
"Lambeth","E09000022","E12000007",,250,,,,,,,18,,,,125,0,15,35,5,65,5,0,0,5,15,95,0,10,5,0,0,0,0,0,0,0,0,0,15,30,5,0,0,,,,,,,,,,10,30,10,30,0,0,,130,30,0,10,90,0,0,55,0,0,95,0,0,0,5,0,0,0,0,5,0,0,80,0,55,30,10,0,140,125,20,,100,10,0,0,0,0,10,0,0,0,0,0,0,0,0,0,0,0,0,0,0,0,0,0,0,0,0,0,0,0,0,0,0,0,,,,0,0,0,0,0,0,0,0,0,0,0,0,0,0,0
"Lewisham","E09000023","E12000007",,300,,,,,,,20,,,,0,,,,,,,,,,15,105,5,0,5,0,0,0,0,0,0,0,0,5,0,25,5,,,,,,,,,,,,,,,,,,,175,60,0,10,75,0,30,135,5,0,120,25,80,0,10,0,0,0,0,0,0,0,0,0,55,45,20,0,200,170,15,5,0,0,0,0,0,0,0,5,0,0,0,10,0,10,0,0,0,0,0,0,0,0,,,0,0,0,0,0,,0,,0,0,0,0,0,0,0,0,5,0,,,,,,,,,5,0
"Newham","E09000025","E12000007",,250,,,,,,,8,,,,145,15,30,15,40,45,15,0,15,10,20,30,10,10,0,0,0,0,0,15,0,0,0,5,0,15,10,5,5,5,5,5,65,15,15,5,30,15,15,40,15,35,0,5,,180,35,0,55,85,0,0,150,5,0,120,25,90,0,10,0,0,0,0,0,0,0,0,5,50,50,20,0,215,145,25,45,,15,0,0,0,0,20,5,0,0,5,5,0,10,,,0,0,0,0,0,0,0,0,0,0,0,0,0,0,0,0,0,0,0,0,0,0,0,0,0,0,0,0,0,0,0,0,0,0,0,0
"Southwark","E09000028","E12000007",,250,,,,,,,,,,,205,20,60,30,15,85,20,0,5,0,40,170,10,15,5,5,0,5,0,30,0,0,0,5,0,70,15,15,5,0,35,30,110,0,0,0,0,0,105,285,105,280,0,5,,310,135,10,5,155,10,0,145,5,25,220,50,90,10,25,0,0,0,0,10,5,30,0,0,90,75,55,5,415,205,105,95,140,15,0,0,0,10,25,10,0,0,5,45,0,50,,,5,0,5,5,5,0,0,5,0,5,0,0,0,0,5,0,0,5,0,0,0,5,35,10,10,0,0,0,5,0,60,25,70,45,175,80
"Tower Hamlets","E09000030","E12000007",,369,,,,,,,20,,,,115,5,20,25,40,20,5,0,25,10,40,520,5,10,10,15,0,5,0,15,0,0,10,0,10,185,10,45,10,0,0,40,65,15,5,0,20,15,25,50,20,45,0,5,,200,45,5,105,40,5,0,145,0,0,125,0,120,0,0,0,0,0,0,0,0,0,0,0,80,35,10,0,185,115,55,15,265,10,0,0,0,15,25,0,0,0,0,15,0,15,0,0,5,0,5,5,5,5,0,0,0,5,0,0,0,5,0,0,0,5,5,0,0,,0,0,0,0,0,0,0,0,0,0,0,0,0,0
"Wandsworth","E09000032","E12000007",,170.88,,,170,,,,9,,,,0,15,20,30,5,25,0,0,10,0,15,60,5,5,5,0,0,0,0,5,0,0,0,10,0,45,0,0,0,0,15,10,35,0,0,0,0,0,0,0,0,0,0,0,,150,55,5,15,70,0,5,125,25,0,115,5,85,0,25,0,0,0,0,5,0,0,0,0,70,30,15,0,185,90,90,10,255,10,0,0,0,20,30,20,0,0,15,5,0,20,0,0,0,5,10,0,5,0,5,5,0,5,5,0,5,0,0,0,0,5,5,0,0,0,5,0,0,0,0,0,0,0,0,0,0,0,5,5
"Westminster","E09000033","E12000007",,100,,,237,,,,15,,,,0,,,,,,,,,,,,,,,,,,,,,,,,,,,,,,,,,,,,,,,,,,,,,,,,,,,,,,,,,,,,,,,,,,,,,,,,,,,,,,,,,,,,,,,,,,,,,,,,,,,,,,,,,,,,,,,,,,,,,,,,,,,,,,,,
"London Tri-borough",,,,,,,,,,,,,,,225,10,40,50,15,90,35,0,20,5,40,90,10,20,5,5,0,0,0,30,0,5,0,0,0,65,5,25,10,0,15,50,95,10,20,5,30,10,20,45,20,45,0,0,,305,80,10,10,175,15,10,195,0,5,225,25,145,0,40,0,0,0,5,0,10,0,0,5,115,75,30,5,380,225,75,80,885,15,10,5,0,5,35,30,0,0,30,20,0,45,0,0,0,0,5,0,5,0,0,0,0,5,0,0,0,0,0,0,0,0,0,0,0,0,0,0,0,0,0,0,0,0,0,0,0,0,0,0
"Outer London",,,,,,,,,,,,,,,2250,130,1025,390,225,455,140,20,155,70,385,2240,90,145,100,50,0,5,0,130,0,0,20,135,85,1005,135,200,40,0,200,295,710,75,150,10,220,75,365,930,335,825,35,105,,3105,1630,60,340,970,80,20,2110,65,30,1990,550,1015,0,275,5,0,0,0,5,40,0,0,65,800,775,380,15,3595,2245,855,510,2975,155,110,105,0,160,550,135,0,0,175,220,15,425,0,0,85,20,105,90,105,50,10,25,20,55,15,35,50,20,20,15,0,40,20,5,5,5,15,5,20,10,15,10,5,0,10,5,10,5,70,30
"Barking and Dagenham","E09000002","E12000007","*",295,195,150,,,,,7,4,4,,225,15,120,35,20,40,5,0,5,5,15,45,0,0,10,0,0,5,0,5,0,0,0,5,0,20,5,0,0,0,10,20,5,0,0,0,0,0,20,60,20,55,0,5,,250,135,5,35,75,0,0,170,0,0,165,35,105,0,20,0,0,0,0,0,0,0,0,5,35,65,65,0,370,225,130,20,145,10,5,0,0,5,20,15,0,0,0,25,0,25,0,0,10,0,10,10,10,5,0,0,0,5,0,0,5,0,0,0,0,0,0,0,0,0,0,0,0,0,0,0,0,0,0,0,0,0,5,0
"Barnet","E09000003","E12000007",,219,,,219,,,,19,,,,125,10,50,30,10,25,15,0,10,10,25,235,0,15,5,5,0,0,0,5,0,0,5,0,15,,,,,0,0,30,15,0,15,0,15,0,0,0,0,0,0,0,,165,95,10,15,40,0,5,135,10,0,105,5,90,0,10,0,0,0,0,0,0,0,0,0,40,45,20,0,185,125,55,,315,5,0,0,0,0,5,5,0,0,5,15,0,20,,,15,0,15,15,15,5,0,5,10,10,0,5,10,0,5,0,0,0,0,0,0,0,0,0,5,0,0,0,0,0,0,0,0,0,10,5
"Bexley","E09000004","E12000007",,233,,,,,,,,,,,140,10,90,15,5,25,5,0,15,5,30,165,5,15,10,0,0,0,0,10,0,0,0,5,15,15,20,30,10,0,0,25,35,5,0,0,10,5,20,55,20,50,0,5,,220,185,5,10,20,0,0,165,5,5,125,50,45,0,15,5,0,0,0,5,5,0,0,5,40,45,35,5,250,140,50,65,215,10,5,0,0,15,30,10,0,0,20,5,0,25,0,0,5,5,10,10,10,5,0,0,5,5,0,5,0,0,5,0,0,5,5,0,0,0,0,0,0,0,0,0,0,0,0,0,0,0,0,0
"Brent","E09000005","E12000007",,288.24,,,,,,,,,,,130,5,25,20,15,30,20,20,10,10,10,20,5,5,0,0,0,0,0,5,0,0,0,5,0,10,5,5,0,0,10,15,20,0,10,10,10,0,10,30,10,25,5,10,,160,30,10,25,85,0,5,70,5,0,115,10,80,0,25,0,0,0,0,0,0,0,0,0,55,45,10,0,190,130,60,5,125,10,0,0,0,0,10,10,0,0,0,20,0,25,0,0,5,0,5,5,5,0,0,0,0,0,0,5,0,5,0,0,0,0,0,0,0,,0,0,5,0,0,0,0,0,0,0,5,0,10,0
"Bromley","E09000006","E12000007",,376.45,,,,,,,,,,,145,0,85,30,5,20,5,0,15,0,25,190,0,5,10,5,0,0,0,15,0,0,0,5,0,120,0,35,0,0,0,35,50,10,5,0,10,10,45,115,45,105,0,10,,215,170,5,0,35,5,0,140,0,0,135,30,75,0,25,0,0,0,0,0,0,0,0,0,50,55,25,0,245,145,45,55,125,15,10,10,0,15,50,15,0,0,15,20,0,35,0,0,10,0,10,10,15,5,0,0,5,0,0,10,10,0,0,0,0,0,0,0,0,0,0,,0,0,0,,0,,0,,0,0,0,0
"Croydon","E09000008","E12000007","*",296.96,,,,,,,,,,,335,20,135,40,50,95,15,0,35,15,110,890,30,30,30,20,0,0,0,0,0,0,0,95,20,575,20,15,0,0,90,0,80,0,75,0,75,0,65,160,60,150,5,10,,355,115,15,35,185,10,0,250,15,0,240,220,5,0,15,0,0,0,0,0,0,0,0,25,80,90,65,5,470,335,90,45,215,10,25,0,0,20,60,5,0,0,5,30,0,35,0,0,0,5,5,0,5,,,5,,5,0,0,5,,,0,0,0,0,0,0,0,0,0,0,0,5,5,0,0,0,0,0,0,5,5
"Ealing","E09000009","E12000007","*",,,,256.9,,,,,,,,125,0,25,30,30,35,5,0,5,0,20,125,10,5,5,0,0,0,0,10,0,0,0,5,5,80,5,20,5,0,5,15,50,5,0,0,10,5,25,65,20,50,0,10,,190,50,0,45,90,5,0,125,0,0,125,15,0,0,25,0,0,0,0,0,0,0,0,5,70,40,10,0,185,125,25,35,255,10,0,0,0,10,20,10,0,0,10,20,0,30,0,0,5,0,5,5,5,5,0,0,0,5,0,0,5,0,0,0,0,5,5,0,0,0,0,0,0,0,0,0,0,0,0,0,0,0,0,0
"Enfield","E09000010","E12000007","*",412.91,295.58,178.25,,,,,4,3,3,,135,10,55,15,0,40,20,0,10,0,10,40,0,5,5,0,0,0,0,0,0,0,5,0,0,30,0,10,10,0,10,25,25,5,5,0,10,5,20,50,15,35,5,15,,200,65,0,5,85,45,0,140,5,5,130,20,90,0,10,0,0,0,0,0,10,0,0,5,55,60,10,0,210,135,25,45,195,20,15,5,0,10,50,0,0,0,0,5,0,5,0,0,5,0,5,5,5,0,5,0,0,0,0,5,0,0,0,5,0,5,5,0,0,0,0,0,0,0,0,0,0,0,0,0,0,0,5,0
"Greenwich","E09000011","E12000007",,201.7,,,,,,,3,,,,150,5,75,35,5,25,10,0,5,0,25,80,5,10,5,0,0,0,0,20,0,0,0,5,0,10,15,25,5,0,15,35,75,15,5,0,15,15,25,65,20,55,5,10,,180,105,0,15,55,5,0,130,0,0,115,40,50,0,20,0,0,0,0,0,5,0,0,15,45,40,30,0,210,150,20,45,190,10,10,5,0,5,30,5,0,0,25,10,0,35,0,0,5,0,5,5,10,5,0,5,0,5,0,0,5,5,0,0,0,0,0,0,0,0,0,0,0,0,0,0,0,0,0,0,0,0,0,0
"Harrow","E09000015","E12000007","*",356,,,176,,,,2,,,,70,0,30,15,5,15,0,0,0,5,10,25,0,5,0,0,0,0,0,10,0,0,0,0,0,15,0,0,0,0,0,15,75,0,5,0,5,0,35,80,35,75,0,5,,110,40,0,20,40,5,5,60,0,5,70,15,45,0,10,0,0,0,0,0,0,0,0,0,25,30,15,0,135,70,35,35,85,5,0,0,0,5,15,5,0,0,10,25,0,35,0,0,0,0,0,0,0,0,0,0,0,0,0,0,0,0,0,0,0,0,0,0,0,0,0,0,5,5,0,0,0,0,0,0,0,0,5,5
"Havering","E09000016","E12000007",,223.1,,,,,,,9,,,,110,5,70,10,10,15,5,0,5,5,20,95,5,10,0,0,0,0,0,15,0,0,0,0,0,25,5,10,5,0,10,10,50,5,0,0,5,5,20,50,15,40,5,10,,160,130,0,5,25,5,0,95,10,0,95,15,60,0,20,0,0,0,0,0,0,0,0,,45,40,5,0,150,110,20,25,155,15,5,10,0,10,40,15,0,0,0,5,15,25,0,0,15,0,15,15,15,10,0,5,0,5,10,5,5,5,5,0,0,15,,,,0,0,0,0,0,0,0,0,0,0,0,0,0,5,0
"Hillingdon","E09000017","E12000007","*",198,,,,,,,,,,,80,5,35,10,10,15,5,0,10,5,10,55,0,10,0,0,0,0,0,5,0,0,5,0,0,10,5,0,0,0,5,10,60,5,5,0,10,5,0,0,0,0,0,0,,145,85,0,15,40,0,0,105,0,0,90,10,70,0,15,0,0,0,0,0,0,0,0,0,50,35,10,0,145,80,25,45,190,5,5,0,0,5,20,10,0,0,25,5,0,30,0,0,0,0,5,5,5,0,0,0,0,5,0,0,0,0,0,0,0,0,0,0,0,0,0,0,0,0,0,0,0,0,5,0,0,0,5,0
"Hounslow","E09000018","E12000007","*",386.8,,,180.56,324.9,,,,,,,110,15,50,15,20,20,10,0,5,0,15,60,5,5,0,0,0,0,0,0,0,0,0,0,15,35,0,,,0,5,15,35,0,10,0,10,0,5,10,5,10,0,0,,185,90,5,50,40,0,5,155,5,0,120,0,115,0,5,0,0,0,0,0,0,0,0,5,40,50,25,0,225,110,105,5,210,10,0,0,0,0,10,5,0,0,5,5,0,10,0,0,5,0,5,5,5,5,0,0,0,5,0,0,5,0,0,0,0,0,0,5,5,5,0,0,0,0,5,5,0,0,0,0,0,0,5,5
"Kingston upon Thames","E09000021","E12000007","*",120,,,150,200.06,300.09,560,,,,,45,5,35,5,0,0,0,0,5,5,10,35,5,0,0,0,0,0,0,5,0,0,0,5,0,5,5,10,0,0,15,0,20,0,5,0,5,0,15,35,15,35,0,0,,75,75,0,0,0,0,0,30,5,5,45,5,20,0,15,0,0,0,0,0,5,0,0,0,25,15,10,0,80,45,20,10,35,0,0,0,0,5,5,10,0,0,15,5,0,20,0,0,0,0,0,0,0,0,0,0,0,0,0,0,0,0,0,0,0,0,0,0,0,0,0,0,0,0,0,0,0,0,0,0,0,0,0,0
"Merton","E09000024","E12000007",,274.85,,,,,,,,,,,75,10,35,10,5,15,10,0,5,0,5,30,0,0,0,0,0,0,0,5,0,0,0,5,0,10,5,10,0,0,0,15,20,10,5,0,10,10,15,40,10,30,5,10,,105,50,5,5,35,0,0,75,5,0,65,0,50,0,10,0,0,0,0,0,0,0,0,0,25,30,10,0,115,75,20,25,190,5,0,0,0,5,10,5,0,0,5,5,0,15,0,0,0,0,0,0,0,0,0,0,0,0,0,0,0,0,0,0,0,0,0,0,0,0,0,0,0,0,0,0,0,0,0,0,0,0,0,0
"Redbridge","E09000026","E12000007",,402.5,,,,,,,,,,,40,0,15,10,10,5,0,0,0,0,5,15,0,5,0,0,0,0,0,0,0,0,0,0,5,10,0,0,0,0,0,0,10,5,5,0,10,5,15,40,15,40,0,5,,85,25,0,25,35,0,0,65,0,5,50,40,0,0,5,0,0,0,0,0,5,0,0,0,15,20,15,0,105,40,65,0,130,0,0,0,0,5,5,0,,,,,,,0,0,0,0,0,0,0,0,0,0,0,0,0,0,0,0,0,0,0,0,0,0,0,0,0,0,0,0,0,0,0,0,0,0,0,0,0,0
"Richmond Upon Thames","E09000027","E12000007","*",100,,,,237,,,15,,,,50,5,25,15,5,5,5,0,5,0,10,50,5,5,5,0,0,0,0,5,0,0,0,0,0,10,5,5,0,0,10,5,25,5,0,0,5,5,10,20,10,20,0,0,,80,65,0,5,10,0,0,50,0,5,50,15,25,0,10,0,0,0,0,0,5,0,0,0,30,20,5,0,80,50,15,10,30,5,0,0,0,5,10,5,0,0,5,5,0,15,0,0,0,0,5,0,5,5,0,0,0,0,0,0,0,0,0,5,0,0,0,,,0,0,0,0,0,0,0,0,0,0,0,0,0,5,0
"Sutton","E09000029","E12000007",,268.85,,,,,,,,,,,80,0,50,15,5,10,0,0,0,0,5,5,0,5,0,0,0,0,0,5,0,0,0,0,0,5,0,,,0,5,0,10,0,0,0,0,0,20,50,20,45,5,5,,100,80,0,0,15,0,0,65,0,0,60,5,40,0,5,0,0,0,0,0,5,0,0,,20,25,10,5,120,80,15,20,0,5,0,0,0,0,5,0,0,0,5,5,0,10,0,0,5,0,5,0,0,5,0,0,0,5,0,0,5,0,0,0,0,5,5,0,0,0,0,0,0,0,0,0,0,0,0,0,0,0,0,0
"Waltham Forest","E09000031","E12000007",,299,,,,,,,,,,,75,5,20,25,5,20,5,0,15,10,25,85,5,10,5,0,0,0,0,10,0,0,5,0,10,15,10,30,0,0,15,20,40,0,5,0,5,0,0,5,0,5,0,0,,125,40,0,30,60,0,0,85,0,0,90,20,50,0,15,0,0,0,0,0,0,0,0,0,55,25,5,0,125,75,35,20,170,5,30,75,0,40,155,5,0,0,25,10,0,30,0,0,0,0,0,0,5,0,0,0,0,0,0,0,0,0,0,0,0,0,0,0,0,0,0,0,0,0,0,0,0,0,0,0,0,0,5,0
"South East England","E12000008","E12000008",,,,,,,,,,,,,4865,395,4025,400,125,160,115,40,500,105,755,3725,345,220,130,65,5,15,25,395,0,20,20,130,140,1695,240,650,140,5,405,885,1240,215,105,20,320,215,580,1440,480,1145,100,290,,7225,6615,75,145,120,35,225,4100,155,155,4130,780,2280,5,710,50,0,0,60,25,145,45,0,230,1555,1550,955,70,7775,4860,1265,1590,4645,335,285,265,60,525,1505,310,0,15,385,665,30,1105,15,5,135,130,265,130,245,130,30,50,50,115,50,100,130,25,35,70,5,155,95,40,20,20,15,10,35,10,0,0,5,0,20,10,25,10,95,40
"Bracknell Forest","E06000036","E12000008",,280,,,,,,,,,,,65,5,55,5,5,5,0,0,15,0,25,115,15,10,0,0,0,0,0,20,0,0,0,5,0,75,0,25,10,0,10,20,25,5,0,0,5,5,15,40,15,40,0,0,,105,100,0,0,0,0,0,55,5,0,60,20,25,0,15,0,0,0,0,0,0,0,0,0,25,20,15,0,110,65,25,20,115,5,0,0,0,5,15,10,0,0,0,15,0,15,0,0,5,0,5,5,5,5,0,0,0,5,0,0,5,0,0,0,0,0,0,0,0,0,0,,0,,0,,0,,0,,0,,0,0
"Brighton and Hove","E06000043","E12000008",,191,,,,,,,,,,,145,10,110,20,5,0,5,0,5,0,15,55,0,10,5,0,0,0,0,0,0,0,0,0,15,,,,,0,0,80,45,15,0,0,15,15,10,20,10,20,0,0,,300,280,5,5,5,5,0,130,0,0,175,0,150,0,25,0,0,0,0,0,0,0,0,,55,65,50,0,350,145,105,100,205,20,0,0,0,0,20,15,0,0,0,0,20,20,0,0,5,5,10,5,10,0,0,0,5,0,5,5,0,5,5,0,0,0,0,0,0,0,0,0,0,0,0,0,0,0,0,0,0,0,0,0
"Buckinghamshire","E10000002","E12000008",,303.1,,,,,,,,,,,125,10,90,20,5,5,0,0,0,0,15,70,5,5,0,0,0,0,0,10,0,0,0,5,0,5,10,5,5,0,0,10,80,5,5,0,10,5,15,45,15,40,0,5,,205,180,10,10,10,0,0,100,5,10,120,15,55,0,35,0,0,0,0,0,15,0,0,0,60,35,15,5,200,125,25,45,190,10,0,0,0,10,20,20,0,0,35,35,0,70,0,0,0,0,0,0,0,0,0,,,0,,0,,,,0,,0,0,0,0,0,5,0,,,,,,,0,0,,,5,0
"East Sussex","E10000011","E12000008",,202,,,,,,,,,,,350,45,315,20,0,5,5,5,5,0,20,55,5,10,0,0,0,0,0,10,0,0,0,5,0,40,5,30,15,0,0,0,40,5,0,5,5,5,15,35,15,30,0,0,,490,435,5,5,0,0,45,345,10,5,285,105,125,0,35,5,0,0,0,5,15,0,0,10,75,105,100,5,595,350,85,155,595,15,90,0,50,25,180,25,0,0,35,30,0,60,0,0,15,5,20,15,15,10,0,5,5,0,15,0,5,0,0,10,0,10,5,0,0,0,0,0,0,0,0,0,0,0,0,0,0,0,5,0
"Hampshire","E10000014","E12000008",,242.08,,,,,,,,,,,780,95,710,30,20,15,0,5,120,40,165,985,75,45,30,20,5,5,5,110,0,10,10,15,5,200,100,85,30,0,105,170,135,25,20,0,45,25,105,255,85,190,20,65,,975,910,5,5,5,5,45,465,40,15,560,155,205,0,175,0,0,0,0,0,20,0,0,75,250,175,115,20,1015,780,80,155,645,40,0,220,0,295,555,60,0,5,105,70,10,190,0,0,15,40,55,15,50,15,5,20,10,15,0,40,25,5,10,10,0,45,15,0,0,0,0,0,5,0,0,0,0,0,0,0,0,0,5,0
"Isle of Wight","E06000046","E12000008",,189.39,,,,,,,,,,,115,10,105,0,0,0,0,0,20,0,30,425,5,10,5,10,0,0,0,30,0,0,0,0,0,135,5,15,5,0,15,20,25,10,5,0,15,10,25,60,0,10,20,50,,160,160,0,0,0,0,0,30,5,0,95,20,30,0,30,0,0,0,5,0,0,0,0,10,50,25,15,5,165,115,15,40,,15,15,5,0,10,45,10,0,0,5,20,0,25,,,5,0,5,5,5,0,0,0,0,0,0,5,0,,0,5,0,5,5,0,0,0,,,,,,,,,,,,,0,0
"Kent","E10000016","E12000008",,140,,,,,,,,,,,995,85,845,60,20,30,40,0,190,15,210,990,90,60,55,10,0,5,10,100,0,0,5,60,35,580,30,200,10,0,55,225,270,55,25,0,80,55,110,275,95,220,15,50,,1325,1255,25,25,20,5,0,1005,5,35,725,195,455,5,25,10,0,0,0,5,5,20,0,60,190,290,240,5,1505,995,200,315,605,50,70,25,0,60,210,5,0,5,35,130,0,170,10,5,25,15,40,25,35,25,5,5,5,10,0,25,20,5,5,15,5,20,20,15,10,10,5,0,10,5,0,0,0,0,5,5,5,5,20,15
"Medway","E06000035","E12000008",,,,,,,,,,,,,225,15,205,15,0,0,0,0,5,0,25,100,10,5,5,0,0,0,0,25,0,0,0,0,0,65,0,40,0,0,20,30,60,15,5,0,20,15,30,80,15,40,15,40,,320,305,0,0,5,5,5,220,5,5,175,30,115,0,25,5,0,0,0,0,5,0,0,10,45,75,55,5,365,225,75,65,350,20,25,5,0,5,60,15,0,0,10,25,0,35,0,,5,0,5,5,5,5,0,0,0,0,0,5,5,0,0,0,0,5,5,0,0,0,0,0,0,0,0,0,0,0,0,0,0,0,0,0
"Milton Keynes","E06000042","E12000008",,205,,,,,,,,,,,220,20,150,25,15,30,5,5,5,0,25,110,20,0,0,0,0,0,0,0,0,0,0,0,25,75,5,80,5,0,10,5,35,5,5,10,10,5,,,,,,,,310,240,5,15,15,0,30,20,0,0,180,25,95,0,55,0,0,0,10,0,0,0,0,5,70,75,30,5,335,220,35,80,390,15,0,0,0,0,15,20,0,0,35,10,0,50,0,0,15,15,30,15,30,10,0,10,5,25,0,5,25,0,0,0,0,5,5,0,0,0,0,0,5,0,0,0,0,0,0,0,5,0,10,0
"Oxfordshire","E10000025","E12000008",,239.72,,,,,,,,,,,285,5,215,35,10,15,10,5,25,0,35,90,25,5,0,0,0,0,0,20,0,0,0,10,5,90,0,70,30,0,50,55,85,10,5,0,20,10,40,85,40,85,0,0,,505,460,10,10,15,5,5,285,35,5,300,60,95,0,75,0,0,0,40,0,15,10,0,5,130,120,50,0,525,285,125,115,150,30,0,5,5,10,55,35,0,0,15,100,0,120,0,0,10,10,25,10,20,10,5,5,5,15,5,0,20,5,0,0,0,20,5,0,0,0,0,0,0,0,0,0,0,0,0,0,5,0,5,0
"Portsmouth","E06000044","E12000008",,177.23,,,,,,,,,,,255,15,205,20,0,5,20,0,35,0,55,255,20,20,10,5,0,5,5,30,0,5,0,5,0,195,10,30,15,0,20,55,50,10,5,0,15,10,25,70,20,55,5,10,,385,365,0,5,5,5,5,160,0,5,220,45,135,0,20,0,0,0,0,0,15,0,0,0,50,105,60,5,455,255,75,100,195,15,15,0,0,10,45,10,0,0,5,45,0,50,0,0,5,10,15,5,15,5,0,0,5,5,10,0,5,5,5,0,0,5,5,5,5,5,0,0,5,0,0,0,0,0,0,0,0,0,5,5
"Reading","E06000038","E12000008",,246.44,,,,,,,,,,,80,5,50,20,5,5,0,0,0,0,10,35,5,5,0,0,0,0,0,0,0,0,0,5,5,5,5,0,0,0,0,0,20,0,0,0,0,0,5,10,5,10,0,0,,160,125,0,5,10,5,15,80,0,10,100,20,55,0,10,0,0,0,0,0,10,0,0,0,45,45,10,5,175,80,100,0,165,5,10,0,0,5,25,5,0,0,0,30,0,30,0,,0,0,5,0,5,0,0,0,0,0,0,5,0,0,0,5,0,0,0,0,0,0,5,0,0,0,0,0,0,0,0,0,5,0,5,0
"Slough","E06000039","E12000008",,200,,,,,,,,,,,75,5,55,10,5,5,0,0,5,0,10,15,5,5,0,0,0,0,0,5,0,0,0,0,0,5,5,10,0,0,15,15,30,0,0,0,0,0,35,80,35,80,0,0,,105,70,0,25,10,0,0,50,0,15,65,5,35,0,10,0,0,0,0,0,0,10,0,5,20,30,15,0,120,75,25,20,200,15,10,0,0,10,35,5,0,0,10,5,0,20,0,0,5,0,5,5,5,0,0,0,0,0,0,0,0,0,0,0,0,0,0,0,0,0,0,0,0,0,0,0,0,0,0,0,0,0,0,0
"Southampton","E06000045","E12000008",,188.54,,,,,,,,,,,250,15,205,20,5,10,5,0,0,15,25,65,15,10,0,0,0,0,0,0,0,0,0,5,20,30,15,15,15,0,15,65,65,5,5,0,10,5,55,140,50,140,0,5,,395,375,0,0,10,0,0,265,5,0,225,0,165,0,50,0,0,0,0,5,0,0,0,20,110,70,40,5,385,250,40,95,170,15,0,0,0,15,35,10,0,0,10,45,0,55,0,0,15,5,20,15,15,15,0,5,0,15,0,5,10,0,0,5,0,15,15,0,0,0,0,0,0,0,0,0,0,0,0,0,0,0,0,0
"Surrey","E10000030","E12000008",,186.13,,,,,,,,,,,415,30,335,50,15,10,5,0,35,20,45,95,30,5,5,0,0,0,0,25,0,5,5,5,5,50,10,10,0,0,60,40,110,25,10,0,35,25,35,105,25,55,10,45,,685,585,5,25,5,0,65,370,30,20,390,15,255,0,85,5,0,0,0,10,20,0,0,5,190,135,65,5,660,415,75,115,320,25,15,5,5,30,80,45,0,0,70,20,0,90,5,0,10,5,20,15,20,15,5,0,0,10,5,0,0,5,5,10,0,10,10,,,0,0,0,0,0,0,0,0,0,0,0,0,0,5,0
"West Berkshire","E06000037","E12000008",,248.67,,,,,,,,,,,85,5,75,5,0,5,5,0,5,0,15,70,5,5,0,5,0,0,0,0,0,0,0,15,0,50,0,15,0,0,5,10,40,0,0,0,0,0,5,25,5,25,0,0,,155,150,0,0,0,0,0,80,0,0,90,25,40,0,15,0,0,0,0,0,5,5,0,5,30,50,10,0,165,85,60,20,65,5,5,0,0,0,10,5,0,0,0,20,0,20,0,0,0,0,0,0,0,0,0,0,0,0,0,0,0,0,0,0,0,0,0,15,5,5,0,0,5,5,0,0,0,0,0,0,0,0,5,5
"West Sussex","E10000032","E12000008",,237.72,,,,,,,,,,,300,15,230,25,10,10,10,15,20,0,30,140,5,10,0,15,0,0,0,0,0,0,0,0,30,60,15,5,0,0,20,60,95,25,5,0,30,25,45,90,35,75,10,15,,495,480,5,5,0,0,5,335,10,30,280,20,205,0,10,25,0,0,0,0,20,0,0,10,125,100,55,0,495,300,75,130,155,25,30,0,0,25,80,5,0,5,0,55,0,60,0,0,0,5,5,0,5,5,5,0,0,0,5,0,0,0,0,5,0,0,0,0,0,,0,0,0,0,0,0,0,0,0,0,5,0,5,5
"Windsor and Maidenhead","E06000040","E12000008",,250,,,,,,,,,,,45,5,35,5,5,0,0,0,0,5,5,20,0,5,0,0,0,0,0,5,0,0,0,0,0,15,0,5,5,0,5,10,15,5,0,0,5,5,5,20,5,20,0,0,,75,70,0,5,0,0,0,55,0,0,40,15,15,0,5,0,0,0,5,0,0,0,0,5,15,15,10,0,80,45,20,15,35,5,0,0,0,5,10,5,0,0,10,5,0,15,0,,0,0,0,0,0,0,0,0,0,0,0,0,0,0,0,0,0,0,0,0,0,0,0,0,0,0,0,0,0,0,0,0,0,0,0,0
"Wokingham","E06000041","E12000008",,196.28,,,,,,,,,,,50,10,40,0,5,5,5,0,5,0,10,35,5,5,0,0,0,0,0,10,0,0,0,0,0,15,5,5,5,0,0,5,15,0,5,10,10,0,5,15,5,15,0,0,,75,70,0,0,5,0,5,50,0,0,45,10,25,0,10,0,0,0,0,0,0,0,0,5,20,15,5,0,75,50,25,5,95,5,0,0,0,5,10,5,0,0,5,5,0,10,0,0,5,0,5,5,5,5,0,0,0,0,0,0,5,0,0,0,0,0,0,0,0,0,0,0,0,0,0,0,0,0,0,0,0,0,5,0
"South West England","E12000009","E12000009",,,,,,,,,,,,,2820,240,2405,205,50,70,55,35,255,75,425,2200,170,160,65,25,0,5,20,150,0,0,10,160,80,1305,130,425,80,0,200,470,735,125,85,35,210,125,455,1285,395,1115,60,170,,4485,4175,35,20,45,5,190,2735,205,280,2615,685,1055,10,400,45,25,0,10,65,260,80,0,115,1090,970,520,30,4745,2820,1025,720,2815,195,155,35,5,145,560,185,0,0,180,355,25,575,0,0,90,30,125,105,135,75,10,15,25,60,15,45,40,20,15,40,5,40,35,60,25,20,30,25,45,20,5,0,5,0,30,15,10,5,125,65
"Bath and North East Somerset","E06000022","E12000009",,186.86,,,,,,,,,,,60,0,50,5,0,0,5,0,5,0,10,20,5,5,5,0,0,0,0,5,0,0,5,5,0,0,10,15,5,0,10,15,5,0,5,0,5,0,5,20,5,20,0,0,,90,85,0,0,5,0,0,60,5,10,55,30,5,0,5,0,0,0,0,5,5,10,0,5,20,25,10,0,100,60,20,20,55,5,0,0,0,0,5,0,0,0,0,10,0,10,0,0,,,0,,,,,,,,,,,,,,,,,0,0,0,,,,,,,,,0,0,0,0,5,0
"Bournemouth","E06000028","E12000009",,189.36,,,,,,,,,,,105,0,90,5,5,0,0,0,5,0,10,30,5,10,0,0,0,0,0,0,0,0,0,10,0,15,5,10,5,0,5,5,40,10,0,10,10,10,5,15,5,15,0,0,,165,160,0,5,0,0,0,115,30,0,90,15,45,0,25,0,0,0,0,0,0,0,0,5,45,25,15,0,145,105,20,20,80,10,5,5,0,10,35,5,0,0,5,15,0,20,0,0,5,0,5,5,5,5,0,0,0,0,0,5,0,0,0,0,0,0,0,5,0,0,5,5,0,0,0,0,0,0,5,5,0,0,10,10
"Bristol","E06000023","E12000009",,243.25,,,,,,,,,,,330,20,215,60,10,30,15,0,15,15,55,235,20,25,5,5,0,0,0,5,0,0,0,20,30,150,10,90,0,0,20,20,60,20,10,0,30,20,25,55,10,25,15,30,,450,335,5,5,30,5,65,275,60,50,290,105,75,0,55,0,10,0,0,5,20,25,0,5,140,90,55,5,505,330,155,25,285,15,10,5,0,20,50,10,0,0,0,60,0,65,0,0,10,5,20,10,20,15,0,0,0,5,5,5,5,5,5,5,0,0,0,,,,0,0,0,0,0,0,0,0,0,0,0,0,0,0
"Cornwall","E06000052","E12000009",,250,,,,,,,,,,,270,20,250,15,0,5,0,0,55,20,65,360,30,5,15,15,0,0,0,25,0,0,0,35,0,145,30,80,25,0,15,95,60,10,5,0,15,10,45,135,45,135,0,5,,485,480,5,0,0,0,0,350,25,45,280,5,170,5,35,5,0,0,0,5,60,0,0,15,110,100,60,10,525,270,35,110,345,15,0,0,0,10,25,15,0,0,10,25,15,50,0,,10,5,15,10,15,10,0,0,5,5,0,0,0,0,0,5,0,0,0,0,0,0,0,0,0,0,0,0,0,0,0,0,0,0,0,0
"Devon","E10000008","E12000009",,270.76,,,,,,,,,,,360,50,320,15,10,5,10,5,40,10,40,340,10,15,10,0,0,0,5,20,0,0,0,0,15,330,5,40,10,0,20,80,100,30,10,0,40,30,110,415,100,390,10,25,,530,525,5,0,0,0,0,360,5,5,320,135,85,0,45,15,0,0,0,5,30,0,0,5,125,140,55,0,575,360,105,105,330,20,25,0,0,5,55,35,0,0,0,95,0,100,0,0,0,0,0,0,0,0,0,0,0,0,0,0,0,0,0,0,0,0,0,25,5,5,0,0,0,0,0,0,0,0,5,0,0,0,5,0
"Dorset","E10000009","E12000009",,206.7,,,,,,,,,,,195,10,185,10,0,0,0,0,15,0,35,120,10,25,5,0,0,0,0,20,0,0,0,0,15,50,15,15,0,0,30,45,80,10,15,0,25,10,20,55,20,45,5,10,,345,315,0,0,0,0,30,145,5,5,195,5,115,5,45,5,5,0,0,0,15,0,0,5,80,75,40,0,360,195,165,0,200,10,0,0,0,10,25,20,0,0,55,0,0,55,0,,15,0,15,15,20,5,0,5,5,10,0,10,5,0,5,5,0,0,0,0,0,0,10,10,10,5,0,0,0,0,5,5,5,5,25,20
"Gloucestershire","E10000013","E12000009",,210,,,,,,,,,,,300,25,230,40,10,15,5,0,30,20,15,50,5,5,0,0,0,0,0,5,0,0,0,0,5,25,5,10,10,0,0,10,15,0,0,0,0,0,90,205,80,170,10,35,,525,500,10,10,5,0,0,280,0,65,295,80,105,0,30,5,0,0,0,25,55,0,0,20,110,110,70,5,570,300,120,110,470,25,15,5,0,10,55,15,,,,,,,0,,5,5,5,5,10,5,0,0,0,0,0,5,0,0,0,5,0,5,5,10,5,5,0,,0,,5,,0,,0,,0,,5,0
"North Somerset","E06000024","E12000009",,195.1,,,,,,,,,,,120,10,105,10,5,5,0,0,15,0,35,155,10,15,5,0,0,0,0,25,0,0,0,5,0,135,0,25,0,0,10,30,30,0,0,0,0,0,10,25,5,10,5,15,,165,165,0,0,0,0,0,90,0,20,95,30,25,0,20,0,0,0,0,0,10,10,0,0,50,25,15,5,165,120,35,10,105,5,0,0,5,5,15,10,0,0,5,25,0,30,0,0,0,0,5,5,5,0,0,0,0,5,0,0,0,0,0,0,0,0,0,0,0,0,0,0,0,0,0,0,0,0,0,0,0,0,5,5
"Plymouth","E06000026","E12000009",,247,,,,,,,,,,,185,40,160,5,0,0,0,10,15,0,20,105,10,5,5,0,0,0,5,0,0,0,0,10,5,40,0,55,0,0,25,25,75,10,0,0,10,10,15,40,15,35,5,5,,270,240,5,0,0,0,25,200,25,10,160,65,55,0,20,0,0,0,0,5,20,0,0,10,50,60,55,0,330,185,60,95,145,10,0,0,0,0,10,15,0,0,0,20,5,30,0,0,10,10,20,20,20,15,0,0,5,10,0,10,5,0,0,15,0,15,15,0,0,0,5,5,5,5,0,0,0,0,10,5,0,0,20,15
"Poole","E06000029","E12000009",,177,,,,,,,,,,,95,5,85,10,0,0,0,0,15,0,20,275,10,5,5,0,0,0,0,5,0,0,0,15,0,125,10,5,5,0,0,20,20,0,0,5,0,0,15,30,15,30,0,0,,180,170,0,0,0,0,10,75,0,15,105,35,40,0,15,0,0,0,0,0,0,15,0,0,55,25,20,0,170,95,75,5,95,5,15,5,0,10,40,5,0,0,5,5,0,5,0,0,10,0,15,10,15,10,0,0,0,10,0,0,10,0,0,0,0,0,0,0,0,0,5,5,0,0,0,0,0,0,0,0,0,0,5,5
"South Somerset","E07000189","E12000009",,247.67,,,,,,,,,,,220,25,205,5,0,5,0,0,20,0,40,90,20,20,5,0,0,0,0,10,0,0,0,25,5,40,15,45,5,0,35,55,90,15,0,0,15,15,45,110,40,100,5,15,,430,430,0,0,0,0,0,255,5,15,240,60,100,0,30,10,10,0,10,10,15,0,0,0,120,90,30,5,400,220,50,100,320,20,20,5,0,20,65,25,0,0,70,35,0,110,0,0,10,0,10,5,10,5,0,0,0,0,0,10,5,5,0,0,0,10,10,10,5,5,0,0,10,5,0,0,0,0,0,0,0,0,10,5
"South Gloucestershire","E06000025","E12000009",,188,,,,,,,,,,,105,10,90,0,0,0,0,10,15,5,20,80,5,15,0,0,0,0,0,10,0,0,5,5,0,15,10,5,0,0,0,25,40,0,10,0,10,0,10,25,10,20,0,5,,155,140,5,0,0,0,10,95,5,10,95,10,50,0,20,5,0,0,0,0,10,0,0,0,40,35,15,0,170,105,20,15,100,10,10,0,0,10,30,10,0,0,5,20,0,25,,,5,0,5,5,5,0,0,0,0,0,0,0,0,0,0,0,,,,0,0,0,5,5,5,0,0,0,0,0,5,0,0,0,15,5
"Swindon","E06000030","E12000009",,200,,,,,,,,,,,115,10,90,10,5,5,0,0,5,5,30,230,10,10,5,0,0,0,0,0,0,0,0,30,0,175,5,10,5,0,15,5,40,5,0,0,10,5,45,110,35,80,10,25,,210,175,0,0,5,0,25,135,10,5,120,5,85,0,15,0,0,0,0,0,10,5,0,15,55,50,15,0,200,115,35,50,240,10,30,5,0,10,60,5,0,0,5,20,0,25,0,0,5,0,5,5,5,5,,,0,5,0,0,0,0,0,0,0,5,0,5,5,5,0,0,10,5,0,0,5,0,5,0,0,0,15,5
"Torbay","E06000027","E12000009",,200,,,,,,,,,,,170,5,155,10,0,0,0,0,0,0,15,85,5,10,0,0,0,0,0,5,0,0,0,5,5,45,0,5,0,0,10,15,35,5,5,5,5,5,15,45,15,45,0,0,,195,170,0,0,0,0,25,115,10,5,110,30,55,0,15,0,0,0,0,0,5,5,0,20,35,45,30,0,215,170,40,15,45,10,10,0,0,15,35,10,0,0,10,15,0,25,0,0,5,0,5,10,10,0,0,0,0,5,0,0,0,0,0,0,0,0,0,0,0,0,0,0,0,0,0,0,0,0,0,0,0,0,0,0
"Wiltshire","E06000054","E12000009",,210,,,,,,,,,,,190,5,170,5,0,0,15,0,5,0,15,25,10,0,0,0,0,0,0,10,0,0,0,5,0,20,0,20,10,0,0,20,40,0,30,15,30,0,,,,,,,,290,285,0,0,0,0,0,185,20,20,165,75,45,0,25,0,0,0,0,5,5,10,0,10,55,75,35,0,315,190,90,40,,25,15,5,0,10,55,5,0,0,10,10,5,25,,,,,0,,,,,,,,,,,,,,,,,0,0,0,,,,,,,,,,,,,0,0
