,,,England,,North East,Darlington,Durham,Gateshead,Hartlepool,Middlesbrough,Newcastle upon Tyne,North Tyneside,Northumberland,Redcar and Cleveland,South Tyneside,Stockton-on-Tees,Sunderland,,North West,Blackburn with Darwen,Blackpool,Bolton,Bury,Cheshire East,Cheshire West and Chester,Cumbria,Halton,Knowsley,Lancashire,Liverpool,Manchester,Oldham,Rochdale,Salford,Sefton,St. Helens,Stockport,Tameside,Trafford,Warrington,Wigan,Wirral,,Yorkshire and The Humber,Barnsley,Bradford,Calderdale,Doncaster,East Riding of Yorkshire,Kingston Upon Hull,Kirklees,Leeds,North East Lincolnshire,North Lincolnshire,North Yorkshire,Rotherham,Sheffield,Wakefield,York,,East Midlands,Derby,Derbyshire,Leicester,Leicestershire,Lincolnshire,Northamptonshire,Nottingham,Nottinghamshire,Rutland,,West Midlands,Birmingham,Coventry,Dudley,Herefordshire,Sandwell,Shropshire,Solihull,Staffordshire,Stoke-on-Trent,Telford and Wrekin,Walsall,Warwickshire,Wolverhampton,Worcestershire,,East of England,Bedford Borough,Cambridgeshire,Central Bedfordshire,Essex,Hertfordshire,Luton,Norfolk,Peterborough,Southend-on-Sea,Suffolk,Thurrock,,London,Inner London,Camden,City of London,Hackney,Hammersmith and Fulham,Haringey,Islington,Kensington and Chelsea,Lambeth,Lewisham,Newham,Southwark,Tower Hamlets,Wandsworth,Westminster,London Tri-borough,Outer London,Barking and Dagenham,Barnet,Bexley,Brent,Bromley,Croydon,Ealing,Enfield,Greenwich,Harrow,Havering,Hillingdon,Hounslow,Kingston upon Thames,Merton,Redbridge,Richmond Upon Thames,Sutton,Waltham Forest,,South East,Bracknell Forest,Brighton and Hove,Buckinghamshire,East Sussex,Hampshire,Isle of Wight,Kent,Medway,Milton Keynes,Oxfordshire,Portsmouth,Reading,Slough,Southampton,Surrey,West Berkshire,West Sussex,Windsor and Maidenhead,Wokingham,,South West,Bath and North East Somerset,Bournemouth,Bristol,Cornwall,Devon,Dorset,Gloucestershire,Isles of Scilly,North Somerset,Plymouth,Poole,Somerset,South Gloucestershire,Swindon,Torbay,Wiltshire
Topic,Sub-topic,Data,,,,SC043797,SC043795,SC054507,SC041205,SC040946,SC041538,SC041537,SC039860,SC041572,SC054504,SC041615,1254786,,,SC061538,SC042382,SC043475,SC043477,SC393897,SC393779,SC057378,SC041916,SC056244,SC041383,SC041546,SC045099,SC043218,SC043360,SC042674,SC056238,SC056246,SC043216,SC043213,SC057274,SC041917,SC044767,SC041234,,,SC043768,SC051085,SC042558,SC481446,SC055966,SC055889,SC042478,SC051076,SC044694,SC043224,SC041816,SC047258,SC043767,SC042492,SC042119,,,SC051568,SC051570,SC043836,SC043837,SC043826,SC059262,SC049579,SC049576,SC043838,,,SC054435,SC057799,SC059386,SC056304,SC059382,SC043690,SC055616,SC050883,SC055018,SC043693,SC058401,SC038608,SC058404,SC060111,,,SC454364,SC045855,SC393243,SC042083,SC060220,SC042752,SC061001,SC045856,SC056084,SC060212,SC056087,,,,SC041843,,SC040284,,SC042906,SC041842,,SC043498,SC043496,SC040305,SC043495,SC040297,SC039908,,SC050034,,SC042413,SC042903,SC042854,SC042630,SC042378,SC053222,SC042826,SC042901,SC042855,SC042990,SC042373,SC042828,SC042829,SC039931,SC042200,SC042597,SC041835,SC053210,SC042414,,,SC043051,SC062799,SC058771,SC062787,SC061164,SC046905,SC062007,SC049562,SC053806,SC048223,SC061504,SC043053,1183495,SC061357,SC043555,SC043055,SC041960,SC043058,SC043060,,,SC043989,SC042327,SC043438,SC041126,SC056693,SC042329,SC040133,,SC041623,SC055714,SC041050,SC041894,SC041041,SC048053,SC055712,SC047386
Children and Young People,Information about CYP,Number of children/young people in placements (at 31 March),"54,870",,"2,990",100,535,295,205,125,410,215,235,135,145,245,345,,"6,720",190,305,375,160,185,230,270,100,155,725,515,470,310,280,315,240,215,195,295,240,205,270,460,,"4,545",175,595,195,215,210,490,290,825,225,190,310,155,325,210,140,,"2,410",105,325,365,250,405,415,215,310,25,,"4,495",..,320,330,195,..,200,190,490,335,150,290,375,270,365,,"3,015",95,240,115,525,470,120,490,160,190,485,125,,"3,720","1,485",70,..,140,..,180,135,..,70,120,150,205,115,80,..,225,"2,235",230,105,120,105,160,350,140,155,135,75,90,95,120,35,70,55,50,55,85,,"4,985",85,200,150,360,750,125,945,235,205,335,275,80,70,230,410,90,310,60,70,,"2,945",70,105,345,270,415,195,345,..,110,170,115,225,105,110,170,195
,Information about CYP,Number of disabled children/young people (at 31 March)^,"5,180",,210,5,35,10,10,5,70,5,25,10,15,5,15,,510,5,10,10,20,20,10,15,5,10,60,30,35,20,15,45,25,15,35,15,5,30,30,40,,345,10,50,10,25,15,50,15,50,5,15,30,20,20,20,5,,285,15,45,50,10,75,30,30,30,5,,590,..,15,15,20,..,10,30,40,20,15,20,15,260,15,,300,5,15,0,30,35,5,100,15,20,65,5,,230,95,5,..,20,..,0,5,..,0,0,15,10,10,15,..,10,135,20,10,5,5,15,15,0,10,5,5,10,5,10,5,0,5,5,5,5,,420,5,10,10,40,95,10,95,15,20,5,40,5,5,15,30,5,10,10,5,,285,5,10,25,20,85,15,20,..,10,45,5,15,15,10,0,5
,,,,,,,,,,,,,,,,,,,,,,,,,,,,,,,,,,,,,,,,,,,,,,,,,,,,,,,,,,,,,,,,,,,,,,,,,,,,,,,,,,,,,,,,,,,,,,,,,,,,,,,,,,,,,,,,,,,,,,,,,,,,,,,,,,,,,,,,,,,,,,,,,,,,,,,,,,,,,,,,,,,,,,,,,,,,,,,,
,Ethnicity,White (at 31 March),"41,860",,"2,770",90,525,265,195,105,335,200,230,130,135,230,330,,"5,785",170,280,310,120,175,220,250,95,150,650,425,275,225,215,265,235,205,165,265,190,200,255,440,,"3,720",175,405,165,205,195,460,205,610,210,165,275,130,215,180,130,,"1,960",75,290,230,220,385,335,140,265,20,,"3,405",..,220,265,190,..,180,130,455,270,130,200,305,160,325,,"2,370",55,205,95,430,370,55,370,125,160,405,95,,"1,380",385,25,..,45,..,50,50,..,10,25,35,55,20,20,..,50,995,120,45,70,25,105,135,35,65,60,25,60,55,50,25,25,15,25,30,25,,"4,060",70,150,105,345,660,120,785,210,145,240,225,50,40,190,335,70,230,40,45,,"2,550",60,95,225,250,380,175,290,..,90,160,105,210,100,85,150,170
,Ethnicity - children,Mixed (at 31 March),"5,165",,80,5,10,15,0,15,10,0,5,5,5,10,5,,445,5,15,20,25,10,5,15,0,5,40,45,95,40,30,15,5,5,15,10,25,0,15,20,,430,0,110,5,5,10,15,45,125,10,0,15,10,55,10,5,,270,20,25,70,20,15,45,45,30,0,,630,..,60,45,5,..,10,35,30,25,20,55,30,60,35,,270,25,20,5,45,50,30,10,20,20,30,15,,660,285,15,..,30,..,25,35,..,20,5,25,30,25,30,..,55,375,35,20,15,20,20,45,40,15,35,15,10,10,20,5,10,15,10,10,25,,410,5,30,25,10,35,0,55,20,20,50,20,15,10,20,45,5,25,5,5,,200,5,5,70,15,5,10,30,..,10,5,5,10,5,10,15,5
,Ethnicity - children,Asian/Asian British (at 31 March),"2,480",,35,0,0,5,0,0,20,0,0,0,5,0,5,,175,15,5,0,5,5,5,0,0,0,35,5,35,20,20,10,0,0,0,15,0,0,0,0,,150,0,60,10,0,0,5,25,25,0,0,5,5,15,0,0,,70,5,0,35,5,5,5,10,5,0,,160,..,5,15,0,..,0,5,0,15,0,15,10,10,5,,70,0,5,5,10,10,25,0,5,0,5,0,,360,130,10,..,10,..,5,0,..,0,5,30,10,45,5,..,10,230,15,10,5,10,5,60,30,5,0,10,10,10,15,0,5,15,5,5,10,,140,5,5,5,5,10,0,20,5,10,10,5,0,10,5,20,0,5,5,10,,45,0,10,10,0,10,0,5,..,0,0,0,0,0,5,0,0
,Ethnicity - children,Black/Black British (at 31 March),"3,650",,45,0,0,10,0,5,10,5,0,0,0,5,10,,180,0,0,20,0,0,5,5,0,0,0,30,60,20,5,5,0,0,0,5,20,0,0,0,,120,0,10,0,0,5,5,5,55,0,5,0,0,35,0,0,,65,5,5,20,0,0,10,20,5,0,,180,..,20,5,0,..,0,5,0,10,0,10,15,20,0,,95,10,0,5,15,25,10,5,5,5,5,5,,"1,050",590,15,..,55,..,90,40,..,40,80,45,90,25,25,..,80,460,45,20,20,30,25,95,35,40,25,15,10,15,20,0,20,10,5,5,20,,165,5,5,5,0,20,0,40,5,20,10,5,10,5,5,10,5,10,5,0,,90,0,0,35,5,5,5,15,..,5,0,0,5,0,10,0,10
,Ethnicity - children,Other ethnic groups (at 31 March),"1,270",,45,0,0,0,0,0,35,5,0,0,0,0,0,,85,0,5,5,5,0,0,0,0,0,0,5,10,0,5,20,5,0,5,0,0,5,5,0,,105,0,0,10,0,5,10,5,15,0,15,15,0,5,20,0,,20,0,0,5,5,0,0,5,5,0,,70,..,5,5,0,..,0,0,5,5,0,0,15,15,5,,90,0,5,5,20,15,0,0,0,5,40,5,,260,90,5,..,5,..,10,5,..,0,0,20,20,5,0,..,30,165,10,15,5,15,5,15,5,35,10,5,0,10,10,0,10,0,0,5,5,,130,0,10,5,0,10,0,45,0,0,10,15,0,0,5,10,5,5,0,5,,45,0,0,5,0,5,0,10,..,0,0,0,0,0,5,0,10
,Ethnicity - children,Not known (at 31 March),445,,15,0,0,0,5,0,0,5,0,0,0,0,0,,50,0,0,15,0,0,0,0,0,0,5,5,0,5,0,5,0,0,5,0,5,0,0,0,,20,0,5,5,0,0,0,0,0,0,0,0,0,0,0,0,,25,0,0,5,5,0,15,0,0,0,,50,..,0,0,0,..,5,10,0,10,0,5,0,5,0,,115,0,5,0,0,0,0,105,5,0,0,0,,5,5,0,..,0,..,0,5,..,0,0,0,0,0,0,..,0,5,0,0,0,0,0,0,0,0,0,0,0,0,0,0,0,0,0,0,0,,75,0,0,5,0,10,5,0,0,0,15,0,0,0,0,0,0,35,0,0,,25,0,0,0,0,10,5,0,..,0,0,0,0,0,0,0,5
,,,,,,,,,,,,,,,,,,,,,,,,,,,,,,,,,,,,,,,,,,,,,,,,,,,,,,,,,,,,,,,,,,,,,,,,,,,,,,,,,,,,,,,,,,,,,,,,,,,,,,,,,,,,,,,,,,,,,,,,,,,,,,,,,,,,,,,,,,,,,,,,,,,,,,,,,,,,,,,,,,,,,,,,,,,,,,,,
,Child sexual exploitation,Number of CYP considered to be at risk of CSE,"2,765",,65,0,5,10,0,0,15,5,20,5,0,0,0,,220,0,20,15,5,0,5,10,5,0,15,0,15,25,10,0,10,10,15,5,0,5,20,25,,190,5,25,5,0,5,5,10,55,25,5,20,5,15,5,5,,120,10,25,20,20,10,25,5,10,0,,195,..,10,10,10,..,5,20,5,5,5,20,45,0,20,,110,5,10,15,25,10,10,5,5,10,5,10,,200,105,5,..,15,..,15,5,..,0,0,15,5,20,5,..,15,100,20,5,10,5,10,5,5,5,5,5,10,0,5,0,0,0,0,0,5,,390,20,5,0,5,110,15,100,5,10,15,25,0,10,25,15,10,10,0,5,,250,10,0,15,45,70,15,20,..,15,0,10,10,10,0,15,10
,,,,,,,,,,,,,,,,,,,,,,,,,,,,,,,,,,,,,,,,,,,,,,,,,,,,,,,,,,,,,,,,,,,,,,,,,,,,,,,,,,,,,,,,,,,,,,,,,,,,,,,,,,,,,,,,,,,,,,,,,,,,,,,,,,,,,,,,,,,,,,,,,,,,,,,,,,,,,,,,,,,,,,,,,,,,,,,,
,Going missing,Number of children/young people who went ‘missing’ while living with foster carers,"6,395",,240,10,10,45,25,5,35,25,20,15,10,10,30,,540,15,35,30,15,25,20,15,5,5,25,20,35,40,15,10,15,20,20,35,35,20,30,60,,495,10,50,15,10,30,45,30,90,20,40,65,15,35,20,20,,240,15,20,35,30,35,30,20,50,0,,290,..,30,15,15,..,5,0,30,15,10,30,75,10,25,,335,15,50,10,65,55,15,25,20,35,35,20,,610,290,10,..,40,..,30,30,..,15,0,20,45,45,20,..,40,320,15,20,30,15,25,100,10,0,20,10,15,10,20,0,0,5,5,5,5,,680,20,25,10,40,135,20,180,25,25,30,40,15,5,15,30,15,40,5,10,,410,5,5,45,30,95,35,15,..,30,10,20,45,15,10,25,25
,Going missing,Number of instances children/young people went ‘missing’ while living with foster carers,"27,085",,"1,135",20,30,335,120,70,120,80,160,40,25,40,100,,"2,400",20,80,130,30,115,55,50,15,60,65,80,95,125,45,15,55,200,135,215,115,170,250,280,,"1,730",15,110,25,25,120,120,140,260,160,185,240,100,105,50,80,,"1,150",70,100,295,280,80,70,35,210,5,,"1,285",..,195,50,45,..,10,0,50,30,40,120,530,20,85,,"1,165",35,235,30,255,90,35,40,90,145,95,105,,"3,860","1,705",50,..,165,..,155,135,..,105,0,100,305,480,60,..,150,"2,155",60,120,365,40,160,835,50,55,100,25,90,80,80,0,0,15,30,45,5,,"3,650",85,105,45,220,890,280,935,125,170,65,125,55,20,85,100,80,235,10,30,,"2,040",15,20,290,85,530,130,95,..,105,45,190,235,60,20,140,70
,,,,,,,,,,,,,,,,,,,,,,,,,,,,,,,,,,,,,,,,,,,,,,,,,,,,,,,,,,,,,,,,,,,,,,,,,,,,,,,,,,,,,,,,,,,,,,,,,,,,,,,,,,,,,,,,,,,,,,,,,,,,,,,,,,,,,,,,,,,,,,,,,,,,,,,,,,,,,,,,,,,,,,,,,,,,,,,,
,Total time missing,Less than 24 hours,"3,105",,115,5,5,30,10,5,20,10,5,5,0,5,15,,255,10,10,15,10,15,10,10,5,5,10,15,10,20,5,5,0,5,5,20,25,5,15,30,,250,5,15,15,10,15,35,15,50,0,20,30,5,15,10,5,,100,5,10,15,5,25,20,15,0,0,,145,..,10,15,10,..,0,0,20,5,5,15,30,5,15,,165,5,30,5,20,40,5,15,10,10,25,10,,195,90,0,..,20,..,0,15,..,0,0,10,10,15,5,..,15,105,0,5,15,5,10,35,0,0,10,5,5,0,5,0,0,0,0,5,5,,295,10,0,5,15,55,5,85,15,5,20,20,5,5,5,15,10,10,0,10,,175,5,5,20,20,30,15,5,..,15,5,10,15,5,0,10,15
,Total time missing,One to six days,"2,100",,95,0,5,10,10,5,15,10,10,10,10,5,15,,200,5,20,10,5,10,5,5,0,0,10,5,20,15,5,0,10,10,10,10,5,10,15,25,,195,5,30,0,5,15,10,5,40,10,15,30,5,15,5,10,,100,5,10,15,15,10,10,5,40,0,,85,..,5,0,5,..,5,0,10,10,5,10,20,0,5,,115,10,15,5,30,10,10,10,5,15,5,5,,225,105,5,..,10,..,20,5,..,10,0,10,20,10,5,..,15,120,10,10,10,10,5,30,5,0,10,5,5,0,10,0,0,5,5,5,0,,220,10,10,5,10,35,5,65,10,5,5,15,5,0,5,10,5,15,5,0,,150,0,0,10,5,40,5,10,..,10,5,5,20,10,5,15,5
,Total time missing,One week to 28 days,760,,25,0,0,5,5,0,5,0,5,0,0,0,0,,70,0,0,0,0,5,5,0,0,0,5,5,5,0,5,0,5,5,5,5,5,5,5,5,,40,0,5,0,0,0,5,5,5,5,5,0,5,5,0,5,,30,5,5,5,5,0,5,0,10,0,,45,..,10,0,0,..,0,0,0,0,0,5,20,5,0,,40,0,5,0,10,0,0,0,5,5,5,0,,115,60,5,..,5,..,5,5,..,0,0,5,5,10,0,..,10,60,5,0,5,0,5,20,0,0,0,5,5,5,0,0,0,0,0,0,0,,115,0,10,0,15,25,5,25,0,10,0,5,5,0,5,5,0,10,0,0,,60,0,0,10,0,15,5,0,..,5,0,0,10,0,5,0,5
,Total time missing,Longer than 28 days,430,,5,0,0,0,0,0,0,0,5,0,0,0,0,,15,0,0,0,0,0,0,0,0,0,0,0,0,0,0,0,0,5,5,0,0,0,0,0,,5,0,0,0,0,0,0,0,0,0,0,0,0,0,0,0,,10,0,0,5,5,0,0,0,5,0,,15,..,5,0,0,..,0,0,0,0,0,0,5,5,0,,15,0,0,0,5,0,0,0,5,0,0,5,,70,35,0,..,5,..,0,5,..,5,0,0,10,10,5,..,0,35,0,5,5,0,0,15,0,0,0,0,0,5,0,0,0,0,0,0,0,,50,0,5,0,0,20,5,10,0,5,0,5,0,0,0,0,0,5,0,0,,25,0,0,5,0,5,5,0,..,0,0,0,0,0,0,0,0
,,,,,,,,,,,,,,,,,,,,,,,,,,,,,,,,,,,,,,,,,,,,,,,,,,,,,,,,,,,,,,,,,,,,,,,,,,,,,,,,,,,,,,,,,,,,,,,,,,,,,,,,,,,,,,,,,,,,,,,,,,,,,,,,,,,,,,,,,,,,,,,,,,,,,,,,,,,,,,,,,,,,,,,,,,,,,,,,
,Primary reasons for going missing,Bullying,40,,10,0,0,10,0,0,0,0,0,0,0,0,0,,5,0,0,0,0,0,0,0,0,0,0,0,0,0,0,0,0,5,0,0,0,0,0,0,,5,0,0,0,0,0,0,0,0,5,0,0,0,0,0,0,,5,0,0,0,0,5,0,0,0,0,,0,..,0,0,0,..,0,0,0,0,0,0,0,0,0,,0,0,0,0,0,0,0,0,0,0,0,0,,0,0,0,..,0,..,0,0,..,0,0,0,0,0,0,..,0,0,0,0,0,0,0,0,0,0,0,0,0,0,0,0,0,0,0,0,0,,0,0,0,0,0,0,0,0,0,0,0,0,0,0,0,0,0,0,0,0,,0,0,0,0,0,0,0,0,..,0,0,0,0,0,0,0,0
,,Involvement in offending behaviour,115,,5,0,0,0,0,0,5,0,0,0,0,0,0,,15,0,0,0,0,0,0,0,0,0,0,0,0,0,0,0,0,5,0,0,0,0,0,0,,0,0,0,0,0,0,0,0,0,0,0,0,0,0,0,0,,10,5,0,0,5,0,0,0,0,0,,0,..,0,0,0,..,0,0,0,0,0,0,0,0,0,,5,5,0,0,0,0,0,0,0,0,0,0,,15,15,0,..,5,..,0,0,..,0,0,0,0,0,0,..,0,5,0,0,0,0,0,0,0,0,0,0,0,0,0,0,0,0,0,0,0,,15,0,5,0,0,5,0,0,0,0,0,0,0,0,0,0,0,0,0,0,,5,0,0,0,0,0,0,0,..,0,0,0,0,0,0,0,0
,Reasons for going missing,Substance misuse,110,,5,0,0,5,0,0,0,0,0,0,0,0,0,,20,0,0,0,0,0,0,0,0,0,0,0,5,0,0,0,0,0,5,0,0,0,0,0,,5,0,0,0,0,0,0,0,0,0,0,0,0,0,0,0,,5,0,0,0,0,0,0,0,0,0,,5,..,0,0,0,..,0,0,0,0,0,0,5,0,0,,0,0,0,0,0,0,0,0,0,0,0,0,,5,5,0,..,0,..,0,0,..,0,0,0,0,0,0,..,0,0,0,0,0,0,0,0,0,0,0,0,0,0,0,0,0,0,0,0,0,,20,0,0,0,0,5,0,5,0,0,0,0,0,5,0,0,0,0,0,0,,10,0,0,0,0,5,0,0,..,0,0,0,0,0,0,0,0
,Reasons for going missing,Contact with family or friends,"3,285",,75,5,10,0,10,0,10,0,0,15,0,10,15,,260,0,30,15,0,15,10,5,5,0,20,0,20,5,15,0,5,10,10,25,15,10,5,45,,180,5,30,5,0,20,0,20,35,10,10,5,5,30,0,5,,90,0,15,5,20,10,15,10,10,0,,120,..,10,0,15,..,5,0,30,0,5,15,5,5,10,,110,5,40,0,25,0,10,5,10,0,15,0,,280,165,5,..,25,..,10,10,..,10,0,10,25,30,10,..,30,115,5,5,10,10,25,0,5,0,20,10,10,5,0,0,0,0,5,5,5,,350,15,15,10,30,70,10,110,20,15,20,20,5,0,0,5,0,0,0,5,,145,5,0,10,10,45,20,5,..,20,5,5,15,5,0,0,0
,Reasons for going missing,Alleged abuse within the foster home,20,,0,0,0,0,0,0,0,0,0,0,0,0,0,,0,0,0,0,0,0,0,0,0,0,0,0,0,0,0,0,0,0,0,0,0,0,0,0,,0,0,0,0,0,0,0,0,0,0,0,0,0,0,0,0,,0,0,0,0,0,0,0,0,0,0,,0,..,0,0,0,..,0,0,0,0,0,0,0,0,0,,0,0,0,0,0,0,0,0,0,0,0,0,,5,5,0,..,0,..,0,0,..,0,0,0,0,0,0,..,0,0,0,0,0,0,0,0,0,0,0,0,0,0,0,0,0,0,0,0,0,,10,0,0,0,0,5,0,0,0,0,0,0,0,0,0,0,5,0,0,0,,0,0,0,0,0,0,0,0,..,0,0,0,0,0,0,0,0
,Reasons for going missing,Because they are an asylum seeker,75,,0,0,0,0,0,0,0,0,0,0,0,0,0,,0,0,0,0,0,0,0,0,0,0,0,0,0,0,0,0,0,0,0,0,0,0,0,0,,0,0,0,0,0,0,0,0,0,0,0,0,0,0,0,0,,0,0,0,0,0,0,0,0,0,0,,5,..,0,0,0,..,0,0,0,0,0,0,5,0,0,,5,0,0,0,5,0,0,0,0,0,0,0,,10,5,0,..,0,..,0,0,..,0,0,0,0,0,0,..,0,5,0,0,0,0,0,0,0,0,0,0,0,0,0,0,0,0,0,0,0,,10,0,0,0,0,5,0,0,0,0,0,0,0,0,0,0,0,0,0,0,,0,0,0,0,0,0,0,0,..,0,0,0,0,0,0,0,0
,Reasons for going missing,Suspected sexual exploitation,220,,5,0,0,5,0,0,0,0,0,0,0,0,0,,10,0,0,0,0,0,0,0,0,0,0,0,5,0,0,0,0,0,0,0,0,0,0,0,,5,0,0,0,0,0,0,0,0,0,0,0,0,0,0,0,,5,0,0,0,0,0,0,0,5,0,,30,..,5,0,0,..,0,0,0,0,0,0,20,0,0,,10,0,5,0,5,0,0,0,0,0,0,0,,30,15,5,..,5,..,0,0,..,0,0,5,0,5,0,..,0,10,0,0,0,0,0,0,0,0,0,0,5,0,0,0,0,0,0,0,0,,25,0,0,0,0,10,0,0,5,5,0,5,0,0,0,0,0,0,0,0,,0,0,0,0,0,0,0,0,..,0,0,0,0,0,0,0,0
,Reasons for going missing,Any other known reason,"1,210",,45,5,0,0,0,0,15,20,0,0,0,0,5,,100,5,5,5,5,10,5,5,0,0,0,0,5,25,0,5,0,0,0,5,10,0,0,10,,100,5,15,10,0,5,0,10,5,5,20,5,10,0,0,5,,70,5,0,20,5,15,5,5,10,0,,55,..,0,15,0,..,0,0,0,0,0,5,20,0,5,,75,5,5,5,20,15,5,0,10,0,15,5,,120,40,0,..,5,..,0,5,..,0,0,0,10,0,5,..,10,80,5,0,5,0,0,65,0,0,0,0,0,0,0,0,0,0,0,0,0,,125,5,5,5,5,20,10,50,0,0,5,10,5,0,0,0,5,0,0,5,,100,0,0,15,5,15,5,0,..,5,0,0,25,5,10,10,0
,Reasons for going missing,Reason unknown,"1,325",,90,0,0,30,10,5,5,5,20,0,5,0,10,,135,10,0,5,5,5,5,5,0,5,0,20,0,5,0,0,0,0,5,10,10,5,30,5,,195,0,5,0,10,0,40,0,50,0,5,50,5,0,15,10,,60,5,0,15,0,10,10,0,20,0,,65,..,15,0,0,..,0,0,0,15,0,10,15,0,10,,130,0,5,0,10,40,0,20,5,35,5,15,,150,45,0,..,0,..,20,10,..,5,0,0,5,0,0,..,0,100,5,15,20,0,0,30,5,0,0,0,0,0,20,0,0,5,0,5,0,,125,0,0,0,5,20,0,15,0,0,5,5,0,0,15,15,5,40,0,0,,140,0,5,20,15,30,5,5,..,0,0,10,5,5,0,15,20
,,,,,,,,,,,,,,,,,,,,,,,,,,,,,,,,,,,,,,,,,,,,,,,,,,,,,,,,,,,,,,,,,,,,,,,,,,,,,,,,,,,,,,,,,,,,,,,,,,,,,,,,,,,,,,,,,,,,,,,,,,,,,,,,,,,,,,,,,,,,,,,,,,,,,,,,,,,,,,,,,,,,,,,,,,,,,,,,
,Return home interviews,Number of return home interviews conducted,"11,995",,620,20,25,110,105,70,100,30,85,30,20,15,15,,"1,410",0,55,120,15,100,15,15,10,40,65,80,70,80,10,15,35,145,65,145,20,125,85,100,,"1,125",5,70,20,20,110,55,55,135,155,155,165,70,55,20,20,,705,25,85,200,210,50,45,15,75,5,,565,..,75,10,30,..,10,0,45,20,30,45,155,20,55,,505,15,210,20,15,35,15,35,30,40,80,10,,"1,485",520,15,..,15,..,20,40,..,35,0,30,40,215,40,..,70,965,25,0,75,15,145,480,30,10,10,10,45,25,45,0,0,10,15,20,0,,"1,825",70,75,40,110,195,30,575,105,150,50,110,40,5,65,65,30,85,5,20,,"1,085",0,15,145,45,220,95,65,..,70,40,180,135,15,15,30,25
,Return home interviews,Number of missing children/young people with no return home interview,"2,460",,55,0,0,20,0,0,0,10,5,0,0,0,15,,150,15,5,5,5,0,10,10,0,0,0,0,5,10,10,0,5,0,0,5,25,0,15,25,,125,5,15,0,5,0,10,15,30,0,5,10,0,10,10,10,,60,5,0,5,5,5,10,10,20,0,,90,..,10,10,5,..,0,0,0,5,0,15,25,0,10,,135,5,5,0,55,30,5,5,0,15,0,15,,225,115,5,..,30,..,20,15,..,5,0,10,20,5,5,..,5,115,10,20,10,5,0,30,0,0,15,10,0,5,0,0,0,0,0,5,5,,145,5,0,5,10,60,10,15,5,5,5,5,5,0,0,10,5,10,0,0,,85,5,0,10,15,10,5,5,..,10,0,0,10,10,0,10,5
,,,,,,,,,,,,,,,,,,,,,,,,,,,,,,,,,,,,,,,,,,,,,,,,,,,,,,,,,,,,,,,,,,,,,,,,,,,,,,,,,,,,,,,,,,,,,,,,,,,,,,,,,,,,,,,,,,,,,,,,,,,,,,,,,,,,,,,,,,,,,,,,,,,,,,,,,,,,,,,,,,,,,,,,,,,,,,,,
,Unplanned endings,Number of children experiencing unplanned endings,5815,,110,15,20,10,0,0,0,10,10,10,10,15,5,,590,0,25,15,40,40,10,30,5,15,20,25,100,40,35,10,25,5,15,30,35,40,30,0,,350,25,70,5,5,5,25,20,65,0,30,50,0,30,0,15,,280,0,35,55,5,40,5,0,130,0,,165,..,15,0,0,..,5,0,25,20,10,0,10,0,35,,360,0,25,10,160,70,20,15,0,35,15,5,,355,155,5,..,30,..,10,0,..,5,0,25,35,15,5,..,30,200,15,0,30,10,20,0,25,20,20,20,20,0,0,5,5,0,5,5,5,,745,30,20,20,45,205,10,160,40,25,35,40,10,10,35,15,10,10,0,10,,355,5,5,90,30,85,0,20,..,35,0,10,50,5,0,5,15
,Unplanned endings,Number of children experiencing placement moves within 24 hours of unplanned ending notification,1775,,60,5,5,10,0,0,0,5,10,5,0,15,0,,150,0,15,0,0,10,0,5,0,0,10,0,15,35,0,5,0,0,5,25,0,10,10,0,,40,5,0,5,0,0,0,0,0,0,10,15,0,0,0,5,,140,0,5,0,5,20,0,0,105,0,,45,..,10,0,0,..,5,0,10,5,0,0,0,0,0,,35,0,5,0,0,15,5,5,0,0,0,5,,120,70,0,..,20,..,10,0,..,0,0,15,5,0,0,..,20,50,15,0,10,0,10,0,10,0,0,0,0,0,0,0,0,0,0,0,0,,185,20,0,0,10,65,0,10,0,5,5,30,0,5,30,5,5,0,0,5,,55,0,0,5,20,5,0,10,..,0,0,10,5,0,0,0,0
,,,,,,,,,,,,,,,,,,,,,,,,,,,,,,,,,,,,,,,,,,,,,,,,,,,,,,,,,,,,,,,,,,,,,,,,,,,,,,,,,,,,,,,,,,,,,,,,,,,,,,,,,,,,,,,,,,,,,,,,,,,,,,,,,,,,,,,,,,,,,,,,,,,,,,,,,,,,,,,,,,,,,,,,,,,,,,,,
,Children who left agency,Transferred to LA fostering placement,"2,965",,0,0,0,0,0,0,0,0,0,0,0,0,0,,20,0,0,0,0,5,0,0,0,0,0,0,10,0,0,0,0,0,0,0,0,0,0,0,,15,0,0,0,0,0,0,0,0,0,0,0,10,0,0,0,,10,0,5,0,0,0,0,5,0,0,,25,..,15,0,0,..,0,0,0,0,0,0,0,10,0,,15,0,5,0,0,0,0,0,5,0,0,0,,20,5,0,..,0,..,0,0,..,5,0,0,0,0,0,..,0,15,0,0,0,0,0,0,0,0,5,0,0,0,0,0,0,0,0,0,0,,15,0,5,0,0,0,0,0,0,0,5,0,0,0,0,0,0,0,0,0,,10,0,5,0,0,0,5,0,..,0,0,0,0,0,0,0,0
,Children who left agency *,Transferred to IFA fostering placement,"3,680",,120,15,0,0,5,5,40,5,0,10,5,10,20,,300,0,20,15,15,35,0,10,5,5,0,0,40,15,15,5,20,5,10,25,10,5,10,35,,205,10,25,5,0,10,25,10,55,0,0,0,35,25,0,5,,155,25,25,30,20,5,40,10,0,0,,320,..,5,10,15,..,15,25,35,20,10,20,25,10,30,,205,5,35,25,50,40,15,0,15,5,10,5,,330,110,5,..,15,..,0,15,..,10,0,20,15,5,10,..,20,215,15,0,0,15,20,70,0,20,15,5,5,5,20,5,0,0,5,5,15,,420,5,20,10,25,95,5,40,20,25,10,35,10,15,30,45,5,15,5,0,,165,5,5,20,15,20,10,5,..,15,20,0,30,0,0,25,0
,Children who left agency *,"Transferred to other type of looked after placement (e.g. children's home, adoption)","6,615",,385,15,0,85,10,35,50,40,5,20,25,45,45,,900,0,70,25,25,60,60,55,5,55,0,0,70,55,65,15,45,20,50,50,25,60,15,65,,670,35,100,30,30,35,45,35,125,0,35,40,40,80,30,10,,385,10,60,70,50,80,70,25,15,0,,695,..,65,55,5,..,25,15,75,40,25,50,100,25,60,,420,40,55,20,105,95,25,0,15,20,35,10,,490,235,20,..,30,..,10,20,..,10,0,15,15,20,35,..,65,255,35,5,25,10,25,0,15,25,25,5,20,20,5,5,0,5,10,10,15,,770,20,35,5,40,195,10,100,15,30,50,50,10,20,55,35,10,80,0,10,,450,20,20,40,60,70,20,10,..,30,30,5,55,15,0,35,30
,Children who left agency *,No longer looked after,"11,660",,"1,040",35,195,70,55,5,135,60,90,50,65,45,240,,"1,255",0,55,80,45,50,35,65,20,0,110,70,175,95,35,15,35,25,60,60,25,30,90,80,,790,35,90,15,70,45,100,50,105,15,55,60,35,90,15,15,,650,30,95,70,50,140,115,70,80,0,,845,..,60,40,25,..,40,40,75,15,30,60,60,65,45,,795,20,70,10,130,115,45,145,55,50,120,40,,"1,305",560,20,..,50,..,100,35,..,35,0,55,80,45,50,..,95,750,75,25,35,40,35,155,50,55,55,35,45,35,25,20,10,10,15,15,15,,"1,230",25,55,45,70,160,20,265,70,85,55,50,30,35,65,115,15,55,5,15,,580,10,35,50,120,80,35,15,..,20,55,20,45,25,0,40,30
,Children who left agency *,Staying put,"1,880",,65,5,15,10,5,5,5,0,5,5,5,0,0,,145,0,5,5,0,5,10,5,5,0,0,15,15,15,10,5,5,0,10,10,0,5,10,10,,140,0,15,5,5,10,35,5,35,0,5,10,0,5,0,5,,35,5,0,10,0,15,0,0,0,0,,125,..,5,15,0,..,0,5,15,5,0,0,20,0,10,,110,0,10,0,30,15,10,0,25,0,15,5,,195,110,5,..,5,..,0,15,..,5,0,15,15,15,15,..,15,85,0,5,10,0,5,0,5,5,10,0,5,0,15,5,5,5,5,0,10,,200,5,10,0,10,20,5,60,10,5,10,10,0,5,5,20,0,20,5,5,,90,0,5,10,5,30,5,10,..,5,0,0,10,0,0,10,0
,Children who left agency *,Not staying put,"1,885",,30,0,0,10,0,0,0,10,0,0,0,5,0,,115,0,0,10,0,0,5,0,0,0,15,0,20,5,0,0,0,10,0,5,15,0,10,10,,65,0,15,0,0,10,0,0,5,0,0,10,5,10,0,5,,130,25,25,10,5,10,0,15,40,0,,110,..,15,0,10,..,0,5,10,0,0,0,30,5,0,,100,0,15,0,20,10,0,30,0,0,10,5,,135,75,0,..,0,..,15,5,..,10,0,5,10,5,0,..,20,60,0,0,0,15,0,0,5,0,10,0,5,0,0,0,10,10,0,0,0,,120,0,0,5,0,15,10,45,0,5,15,0,0,0,0,15,5,5,0,0,,65,0,0,15,0,10,5,0,..,5,10,5,5,0,0,0,10
,Children who left agency *,Reason unknown,835,,5,0,0,0,0,0,0,0,0,0,0,0,0,,5,0,0,0,0,0,0,0,0,0,0,0,0,0,0,0,0,0,0,0,0,0,0,0,,30,0,0,0,0,0,0,0,25,0,0,0,0,0,0,0,,40,0,0,0,0,0,0,0,40,0,,5,..,0,0,0,..,0,0,0,0,0,0,0,0,0,,20,0,0,0,0,0,0,0,0,5,0,15,,60,45,0,..,0,..,0,0,..,5,30,0,10,5,0,..,0,15,0,0,0,5,0,0,0,0,5,0,0,0,0,0,0,0,0,0,0,,5,0,0,0,0,0,0,0,0,0,0,0,0,0,0,0,0,0,0,0,,10,0,0,0,0,0,0,0,..,0,0,0,0,0,0,0,10
,,,,,,,,,,,,,,,,,,,,,,,,,,,,,,,,,,,,,,,,,,,,,,,,,,,,,,,,,,,,,,,,,,,,,,,,,,,,,,,,,,,,,,,,,,,,,,,,,,,,,,,,,,,,,,,,,,,,,,,,,,,,,,,,,,,,,,,,,,,,,,,,,,,,,,,,,,,,,,,,,,,,,,,,,,,,,,,,
Placements,Staying Put,Number of young people in foster care who became 18,"3,770",,90,5,15,20,5,5,5,10,5,5,5,5,0,,260,0,5,15,0,10,10,10,5,5,15,20,35,20,10,5,10,10,10,15,15,5,20,20,,200,5,30,5,5,15,35,5,40,0,10,20,5,15,0,15,,165,25,25,15,5,25,0,20,40,0,,230,..,25,15,15,..,5,10,25,5,0,0,45,5,10,,205,5,25,0,50,25,10,30,25,0,25,10,,330,185,5,..,5,..,15,25,..,15,0,20,30,20,15,..,35,145,0,5,10,15,5,0,10,5,20,0,10,0,15,5,10,10,5,0,10,,325,5,15,5,10,30,15,105,10,10,20,15,0,5,5,30,5,25,5,5,,150,0,5,30,5,40,10,10,..,10,10,5,10,0,0,10,10
,Staying Put,Number of young people in foster care who became 18 and remained living with their former foster carer,"1,880",,65,5,15,10,5,5,5,0,5,5,5,0,0,,145,0,5,5,0,5,10,5,5,0,0,15,15,15,10,5,5,0,10,10,0,5,10,10,,140,0,15,5,5,10,35,5,35,0,5,10,0,5,0,5,,35,5,0,10,0,15,0,0,0,0,,125,..,5,15,0,..,0,5,15,5,0,0,20,0,10,,110,0,10,0,30,15,10,0,25,0,15,5,,195,110,5,..,5,..,0,15,..,5,0,15,15,15,15,..,15,85,0,5,10,0,5,0,5,5,10,0,5,0,15,5,5,5,5,0,10,,200,5,10,0,10,20,5,60,10,5,10,10,0,5,5,20,0,20,5,5,,90,0,5,10,5,30,5,10,..,5,0,0,10,0,0,10,0
,,,,,,,,,,,,,,,,,,,,,,,,,,,,,,,,,,,,,,,,,,,,,,,,,,,,,,,,,,,,,,,,,,,,,,,,,,,,,,,,,,,,,,,,,,,,,,,,,,,,,,,,,,,,,,,,,,,,,,,,,,,,,,,,,,,,,,,,,,,,,,,,,,,,,,,,,,,,,,,,,,,,,,,,,,,,,,,,
,Brothers and Sisters ?,Groups assessed,"4,495",,470,35,60,25,15,45,115,25,30,10,45,35,30,,890,25,40,30,20,50,20,30,5,15,110,60,45,135,55,40,25,10,5,50,20,30,20,50,,545,20,60,10,10,20,50,15,110,50,30,30,70,55,0,10,,320,25,85,95,45,25,40,5,..,5,,520,..,50,0,25,..,70,20,70,75,35,10,35,85,45,,365,0,55,15,75,40,20,75,15,10,55,0,,545,235,10,..,30,..,40,10,..,10,40,5,35,25,5,..,20,310,35,0,5,15,25,55,25,20,15,15,10,0,10,0,10,0,0,30,40,,525,25,5,20,25,80,15,80,40,5,70,15,5,30,0,40,5,55,10,5,,315,10,5,35,25,50,0,80,..,10,15,15,40,10,20,0,0
,Brothers and Sisters ?,Siblings assessed,"11,230",,"1,160",75,155,55,50,120,265,75,65,30,110,90,70,,"2,195",50,100,75,50,115,55,85,15,40,270,190,115,290,135,100,50,20,15,110,55,85,45,130,,"1,380",45,175,30,25,40,130,40,300,115,75,75,180,140,0,25,,980,70,230,205,110,55,95,5,205,5,,"1,285",..,135,0,55,..,165,45,210,185,70,20,95,195,105,,890,0,155,40,195,105,60,170,25,30,110,0,,"1,335",565,20,..,70,..,95,35,..,20,100,10,90,65,15,..,50,770,75,0,15,35,70,140,55,50,40,35,30,5,20,0,25,0,5,70,95,,"1,255",50,15,45,55,185,35,185,95,10,170,40,15,75,0,90,15,130,25,10,,745,25,10,80,55,130,0,170,..,30,35,35,95,30,45,0,0
,Brothers and Sisters ?,Groups placed to plan,"4,045",,435,35,60,20,15,35,115,25,25,10,45,35,15,,750,20,40,25,20,45,20,30,5,10,95,50,20,125,50,35,20,5,5,45,15,25,15,35,,485,20,45,10,10,15,50,15,105,40,30,25,70,45,0,10,,300,25,80,95,45,25,35,5,..,0,,490,..,50,0,25,..,70,20,65,70,30,10,30,80,45,,335,0,45,15,60,35,20,75,15,10,55,0,,485,220,5,..,30,..,40,10,..,10,35,5,30,25,5,..,20,265,30,0,5,5,25,35,20,15,15,15,10,0,10,0,10,..,0,25,40,,490,25,5,20,25,70,15,80,40,5,65,15,5,25,0,35,5,45,10,5,,280,5,5,20,25,50,0,70,..,10,15,15,35,10,15,0,..
,Brothers and Sisters ?,Siblings placed to plan,"9,890",,"1,040",75,150,45,45,90,265,65,55,30,105,80,30,,"1,795",45,95,55,45,105,50,80,15,20,215,170,50,270,100,90,45,15,15,90,50,55,30,85,,"1,205",40,105,20,25,30,130,30,275,95,75,60,180,115,0,25,,900,60,205,200,110,55,80,5,175,5,,"1,185",..,135,0,55,..,165,45,175,175,60,20,65,180,105,,805,0,125,40,165,90,55,165,25,30,110,0,,"1,165",535,20,..,70,..,90,35,..,20,85,10,80,65,15,..,50,630,70,0,10,10,70,80,50,40,40,35,25,0,20,0,25,..,0,55,95,,"1,150",50,15,45,50,160,30,180,95,10,160,35,15,70,0,85,15,100,25,10,,645,20,10,50,55,120,0,155,..,30,35,35,80,20,35,0,..
,Brothers and Sisters ?,Groups NOT placed to plan,450,,35,0,5,5,0,10,0,0,5,0,0,0,10,,140,5,0,5,5,5,0,0,0,5,20,10,25,10,10,5,0,0,0,5,0,5,5,20,,60,0,20,5,..,5,0,0,5,10,0,5,0,10,0,0,,20,0,5,5,0,0,5,0,..,0,,30,..,..,0,0,..,0,0,5,5,5,0,10,5,0,,30,0,10,0,10,5,0,0,0,0,0,0,,60,15,0,..,0,..,0,0,..,0,5,0,5,0,0,..,0,45,0,0,0,5,..,20,0,5,0,0,0,0,0,0,0,..,0,5,0,,35,0,0,..,0,10,0,0,0,0,5,0,0,0,0,0,0,10,0,0,,40,5,0,15,0,0,..,5,..,0,0,0,5,0,5,0,..
,Brothers and Sisters ?,Siblings NOT placed to plan,"1,340",,120,0,5,10,5,30,0,5,10,0,5,10,40,,405,5,5,20,10,10,5,5,0,20,50,25,65,20,35,10,5,5,0,15,10,30,15,45,,180,5,70,10,..,5,0,10,20,20,0,10,0,25,0,0,,85,10,20,5,0,0,15,0,30,0,,100,..,..,0,0,..,0,0,35,10,10,0,30,15,5,,80,0,25,0,30,15,5,5,0,0,0,0,,170,35,0,..,0,..,5,0,..,0,15,0,10,0,0,..,0,140,5,0,5,25,..,60,5,10,0,0,5,5,0,0,0,..,0,15,0,,105,0,0,..,5,25,5,5,0,0,10,5,0,5,0,5,0,30,0,0,,100,5,0,35,0,5,0,20,..,0,5,0,10,10,10,0,..
,,,,,,,,,,,,,,,,,,,,,,,,,,,,,,,,,,,,,,,,,,,,,,,,,,,,,,,,,,,,,,,,,,,,,,,,,,,,,,,,,,,,,,,,,,,,,,,,,,,,,,,,,,,,,,,,,,,,,,,,,,,,,,,,,,,,,,,,,,,,,,,,,,,,,,,,,,,,,,,,,,,,,,,,,,,,,,,,
Foster carers (at 31 March),Number of carers,Total approved carers ,"75,260",,"3,920",135,660,370,240,210,570,270,295,190,205,315,465,,"8,165",200,270,430,185,245,300,385,130,195,885,560,570,340,295,445,275,310,305,375,265,295,375,520,,"6,365",265,760,215,300,335,600,385,"1,225",275,215,540,275,475,285,210,,"3,715",180,665,440,395,560,585,350,500,40,,"5,795",..,400,470,270,..,250,245,655,480,190,360,445,390,470,,"4,340",155,320,175,825,785,250,640,195,175,650,165,,"5,245","2,170",105,..,180,..,195,200,..,135,195,185,290,190,195,..,300,"3,075",225,175,215,140,235,350,185,235,175,105,140,145,180,60,115,95,75,100,130,,"7,120",120,275,235,480,980,175,"1,245",310,285,535,375,155,105,370,655,145,490,85,100,,"4,490",95,150,460,450,610,345,540,..,160,265,195,395,155,180,210,270
,,,,,,,,,,,,,,,,,,,,,,,,,,,,,,,,,,,,,,,,,,,,,,,,,,,,,,,,,,,,,,,,,,,,,,,,,,,,,,,,,,,,,,,,,,,,,,,,,,,,,,,,,,,,,,,,,,,,,,,,,,,,,,,,,,,,,,,,,,,,,,,,,,,,,,,,,,,,,,,,,,,,,,,,,,,,,,,,
,Ethnicity,White,"62,485",,"3,790",130,645,365,215,200,520,265,295,190,200,310,450,,"7,420",170,270,405,165,235,300,380,130,100,815,515,460,300,270,365,220,295,285,345,235,285,370,505,,"5,770",260,575,210,290,295,575,330,"1,110",275,205,535,265,380,280,185,,"3,275",150,630,335,275,555,540,285,470,40,,"4,950",..,345,430,250,..,250,200,625,445,185,305,420,250,445,,"3,870",140,315,155,755,670,150,570,175,165,635,145,,"2,280",705,45,..,60,..,45,90,..,30,75,40,115,35,75,..,85,"1,575",115,110,175,30,180,115,55,65,100,40,115,90,75,55,55,25,60,70,40,,"6,450",110,260,205,420,880,175,"1,180",300,220,480,335,115,65,355,580,145,470,75,90,,"4,185",90,145,370,440,595,315,515,..,155,240,170,390,140,150,205,260
,Ethnicity - carers,Mixed,935,,20,0,5,0,0,0,5,5,0,0,0,0,0,,75,0,0,5,0,5,0,0,0,0,5,0,30,0,0,0,0,0,5,5,0,0,0,10,,60,0,15,0,5,0,5,5,20,0,0,0,0,5,0,0,,55,0,5,10,5,0,10,10,5,0,,85,..,0,5,0,..,0,10,5,5,5,5,0,5,10,,35,5,0,0,5,10,5,5,0,5,0,0,,140,70,10,..,10,..,5,15,..,0,0,0,5,10,5,..,10,75,5,0,10,10,10,15,5,0,5,0,0,0,5,0,5,0,0,0,0,,85,0,5,5,5,5,0,20,0,5,10,0,0,0,5,10,0,5,0,0,,35,0,0,5,0,5,0,5,..,0,0,0,0,5,5,0,0
,Ethnicity - carers,Asian/Asian British,"3,895",,40,0,0,0,0,5,25,0,0,0,0,0,0,,205,25,0,20,10,0,0,0,0,0,25,0,35,20,20,5,0,0,5,20,5,5,0,0,,250,5,125,5,0,0,5,45,45,0,5,0,5,5,0,0,,90,0,5,60,5,0,5,10,5,0,,275,..,30,10,0,..,0,15,5,15,0,20,5,25,5,,110,5,0,5,5,30,50,0,5,0,5,5,,570,245,10,..,5,..,15,10,..,10,5,55,10,100,10,..,10,320,35,20,10,20,5,25,35,5,10,15,5,15,45,5,10,30,5,0,35,,130,0,5,10,5,5,0,20,0,10,10,5,5,25,0,15,0,5,10,0,,25,0,5,5,0,0,0,10,..,0,0,0,0,0,0,0,0
,Ethnicity - carers,Black/Black British,"5,610",,10,0,0,0,0,0,5,0,0,0,0,0,0,,140,0,0,5,5,5,0,5,0,0,5,20,40,5,0,10,0,0,5,5,20,5,0,0,,100,0,15,0,0,0,0,10,45,0,0,0,0,20,0,0,,120,10,5,30,5,5,20,40,10,0,,305,..,20,10,0,..,0,15,5,0,0,30,5,40,5,,155,5,5,10,15,50,35,10,0,0,15,15,,"2,005","1,060",40,..,95,..,115,80,..,90,105,85,150,40,90,..,165,945,70,40,25,80,35,180,80,100,45,45,15,35,40,0,45,40,5,15,50,,120,5,5,10,0,5,0,15,5,15,15,5,20,10,10,5,0,0,0,5,,65,5,0,45,0,0,0,10,..,0,0,0,0,0,5,0,0
,Ethnicity - carers,Other ethnic groups,655,,15,0,0,0,5,0,5,0,0,0,0,0,0,,40,0,0,0,0,0,0,0,0,0,5,5,5,0,5,10,0,0,0,0,5,0,0,0,,25,0,5,0,0,0,5,0,5,0,0,0,0,5,0,0,,15,0,5,5,0,0,5,0,0,0,,25,..,5,0,5,..,0,0,0,5,0,0,5,0,0,,35,5,0,0,10,15,0,0,0,0,0,0,,165,55,0,..,5,..,10,5,..,0,0,0,10,5,5,..,20,110,0,0,0,0,5,10,10,50,5,5,5,0,0,0,0,0,0,5,0,,45,0,5,0,0,0,0,5,10,0,10,5,0,0,0,5,0,0,0,0,,15,0,0,5,5,0,0,0,..,0,0,0,0,0,0,0,0
,Ethnicity - carers,Not known,"1,680",,50,5,10,0,20,0,5,0,0,0,0,5,10,,285,0,0,0,0,0,0,0,0,95,30,15,0,10,0,50,55,15,5,5,0,0,0,5,,155,0,25,0,0,40,10,0,0,0,0,0,0,55,0,20,,155,20,10,0,105,0,0,5,10,0,,155,..,0,10,20,..,0,10,15,10,0,0,15,70,0,,135,0,0,0,30,15,15,55,15,5,0,0,,85,35,0,..,0,..,10,0,..,0,0,0,0,0,10,..,10,45,0,0,0,0,0,0,0,15,0,0,0,0,15,0,0,0,0,10,0,,290,0,0,5,55,85,0,0,0,40,15,20,10,0,0,45,0,5,0,0,,170,0,0,35,0,10,30,0,..,0,20,25,5,10,25,0,5
,,,,,,,,,,,,,,,,,,,,,,,,,,,,,,,,,,,,,,,,,,,,,,,,,,,,,,,,,,,,,,,,,,,,,,,,,,,,,,,,,,,,,,,,,,,,,,,,,,,,,,,,,,,,,,,,,,,,,,,,,,,,,,,,,,,,,,,,,,,,,,,,,,,,,,,,,,,,,,,,,,,,,,,,,,,,,,,,
,Training and development *,Number of individual foster carers who had completed the TSD Standards,"53,365",,"2,575",60,435,245,135,195,340,200,180,120,160,215,290,,"5,025",135,210,315,100,190,215,295,100,145,435,145,370,285,200,290,140,130,225,230,130,205,335,205,,"4,170",180,435,140,165,280,215,285,775,170,170,425,215,330,245,145,,"2,600",140,570,185,205,430,290,295,460,30,,"3,625",..,165,240,225,..,125,140,490,310,150,225,315,175,250,,"2,845",90,215,145,665,565,115,310,140,60,445,90,,"3,700","1,575",85,..,105,..,140,120,..,100,160,155,180,165,140,..,220,"2,130",160,115,165,80,145,255,105,145,130,60,90,100,165,35,90,75,50,65,85,,"4,720",65,165,115,315,535,100,"1,055",240,110,295,180,90,80,365,455,90,360,50,55,,"3,130",85,125,350,395,360,180,365,..,100,230,100,250,110,120,150,215
,,Number of individual foster carers who were awaiting sign-off on the TSD Standards,945,,30,0,0,15,0,0,5,0,0,10,0,0,0,,105,0,0,10,0,0,5,5,0,0,5,10,5,5,0,0,5,0,0,10,0,30,0,5,,70,5,5,10,0,5,0,20,5,0,0,10,10,0,0,0,,135,5,0,35,55,0,0,0,35,0,,75,..,10,5,0,..,0,0,0,0,5,0,0,0,10,,35,0,20,0,0,10,0,0,0,0,0,5,,90,50,5,..,5,..,0,10,..,5,0,5,20,0,0,..,0,40,15,0,0,5,0,0,10,0,0,0,0,5,0,0,0,0,0,0,5,,135,0,0,5,15,0,5,5,0,0,30,50,0,0,0,10,20,0,0,0,,45,0,0,0,0,0,5,15,..,0,0,20,0,0,0,0,0
,,Number of individual foster carers who were in progress completing the TSD Standards,"10,635",,385,25,85,25,20,15,40,35,20,5,10,50,55,,"1,240",5,55,105,45,20,40,15,30,5,100,215,75,30,10,0,45,10,30,50,50,55,30,225,,975,40,95,45,35,45,45,55,225,105,40,65,40,75,20,40,,495,30,95,40,15,135,135,35,0,10,,"1,285",..,175,30,30,..,70,20,160,65,25,75,70,195,175,,495,45,35,30,150,110,60,5,0,0,35,30,,615,220,15,..,15,..,15,15,..,15,30,5,35,5,55,..,15,395,20,10,10,25,55,60,5,25,30,20,35,10,5,5,15,20,0,30,20,,"1,235",40,50,55,55,445,15,110,45,95,75,70,10,0,5,70,25,45,25,10,,490,10,20,85,10,35,40,65,..,40,10,40,75,20,10,5,25
,Training and Development,Number of individual foster carers who had not yet commenced the TSD Standards,"7,655",,705,50,135,85,5,0,180,35,75,45,30,55,5,,"1,310",50,5,5,40,30,40,65,0,5,15,180,120,20,85,120,70,125,50,90,90,10,10,85,,620,20,80,20,75,5,40,30,220,0,5,45,0,40,20,25,,430,5,0,130,110,0,155,20,5,0,,555,..,50,30,10,..,50,85,5,55,5,60,35,20,30,,560,15,25,0,5,90,80,15,0,115,175,40,,695,300,5,..,55,..,40,55,..,0,0,5,55,15,0,..,65,395,5,40,30,15,35,5,60,60,15,20,20,30,0,15,5,5,15,5,20,,795,10,60,60,95,0,55,55,0,70,130,30,25,25,0,35,15,85,10,40,,605,5,0,0,25,215,35,95,..,15,25,20,70,10,25,55,20
,Training and Development,Number of individual foster carers with TSD Standards training status unknown,"2,655",,220,0,0,0,75,0,5,0,20,5,0,0,115,,485,5,0,0,0,0,0,10,0,40,335,5,0,0,0,35,25,40,0,0,0,0,0,0,,525,25,145,0,25,0,300,0,0,0,0,0,5,25,0,0,,55,0,0,45,10,0,0,0,0,0,,250,..,0,165,0,..,0,0,0,50,0,0,25,0,0,,405,0,25,0,5,10,0,310,50,0,0,0,,140,30,0,..,0,..,0,0,..,15,0,10,5,5,0,..,0,110,20,10,0,10,0,30,5,0,0,0,0,0,5,10,10,0,15,0,0,,230,0,0,0,0,0,5,20,30,10,5,50,25,0,0,85,0,0,0,0,,220,0,5,25,25,0,85,0,..,0,0,20,0,20,25,0,10
,,,,,,,,,,,,,,,,,,,,,,,,,,,,,,,,,,,,,,,,,,,,,,,,,,,,,,,,,,,,,,,,,,,,,,,,,,,,,,,,,,,,,,,,,,,,,,,,,,,,,,,,,,,,,,,,,,,,,,,,,,,,,,,,,,,,,,,,,,,,,,,,,,,,,,,,,,,,,,,,,,,,,,,,,,,,,,,,
Fostering households,Number of households (at 31 March),Total approved households,"44,450",,"2,330",85,385,215,145,125,360,165,170,115,120,180,270,,"4,825",115,170,250,105,145,175,215,75,120,505,345,380,200,165,260,165,185,175,215,165,165,210,315,,"3,755",150,450,125,175,200,350,220,765,170,125,310,150,290,155,120,,"2,160",110,380,260,215,310,340,220,310,20,,"3,400",..,245,270,150,..,145,150,385,270,105,205,265,230,270,,"2,570",90,185,95,470,460,155,395,115,115,395,100,,"3,520","1,550",75,..,135,..,155,140,..,95,130,120,205,120,145,..,220,"1,970",150,110,125,105,140,235,120,155,110,65,85,90,115,40,75,60,50,55,90,,"4,115",70,170,135,285,570,105,685,170,170,325,210,100,65,215,375,85,280,45,60,,"2,650",55,85,310,265,355,200,305,..,95,155,115,225,95,105,135,155
,,,,,,,,,,,,,,,,,,,,,,,,,,,,,,,,,,,,,,,,,,,,,,,,,,,,,,,,,,,,,,,,,,,,,,,,,,,,,,,,,,,,,,,,,,,,,,,,,,,,,,,,,,,,,,,,,,,,,,,,,,,,,,,,,,,,,,,,,,,,,,,,,,,,,,,,,,,,,,,,,,,,,,,,,,,,,,,,
,Primary placement offer (at 31 March),Permanent foster care,"15,425",,750,10,130,65,65,30,195,35,55,40,45,55,25,,"1,470",30,50,75,25,40,35,80,35,20,215,70,115,60,55,85,55,35,55,40,70,45,115,65,,"1,085",45,170,40,110,80,35,60,165,0,40,60,40,85,80,60,,495,35,20,60,40,75,45,50,165,5,,705,..,45,55,25,..,40,20,95,35,20,35,50,130,10,,905,15,50,30,115,85,20,295,85,25,145,35,,760,240,10,..,50,..,0,25,..,0,25,25,40,30,5,..,30,525,35,5,50,10,25,200,15,15,40,15,10,10,0,5,10,45,10,15,5,,"1,000",15,0,15,90,320,0,230,25,25,25,110,20,15,0,50,15,20,15,10,,680,25,15,25,55,140,5,105,..,45,50,30,55,10,5,30,80
,Primary placement offer (at 31 March),Non-permanent foster care,"18,230",,780,40,125,85,35,75,15,70,65,35,45,50,145,,"1,570",50,60,115,40,55,80,70,35,60,165,105,95,75,80,50,30,50,55,65,15,60,70,90,,"1,235",80,70,40,0,25,155,100,185,125,60,150,90,115,45,5,,875,45,190,90,65,140,155,135,40,10,,"1,445",..,140,90,65,..,30,55,155,125,55,95,110,35,135,,985,55,85,40,280,260,45,0,0,65,110,40,,"2,025",970,50,..,55,..,115,85,..,75,100,80,90,85,95,..,140,"1,060",100,100,40,65,65,10,75,95,45,40,55,65,105,20,50,0,25,35,65,,"2,120",35,135,60,125,175,50,370,110,85,180,55,45,25,170,210,45,200,10,30,,"1,035",15,45,175,110,90,120,80,..,15,55,45,100,50,45,45,40
,Primary placement offer (at 31 March),Emergency,245,,5,0,0,0,0,0,0,0,5,0,0,0,0,,10,0,0,0,0,0,0,0,0,0,0,0,0,0,0,0,0,0,0,0,0,0,0,0,,5,0,0,0,0,0,0,0,0,0,0,0,0,0,0,0,,10,0,0,0,5,0,5,0,0,0,,15,..,0,0,0,..,0,0,0,0,0,0,5,0,0,,0,0,0,0,0,0,0,0,0,0,0,0,,5,5,0,..,0,..,0,0,..,0,0,0,5,0,0,..,0,0,0,0,0,0,0,0,0,0,0,0,0,0,0,0,0,0,0,0,0,,15,0,0,0,5,0,0,5,0,0,0,0,5,0,0,0,0,0,0,0,,10,0,0,0,0,0,5,5,..,0,0,0,0,0,0,0,0
,Primary placement offer (at 31 March),Family and Friends,"6,930",,715,35,125,45,40,15,140,60,50,25,20,70,95,,"1,560",30,50,55,40,35,45,35,10,35,110,155,145,55,25,110,80,100,40,105,70,60,25,135,,935,20,170,35,50,50,120,50,215,30,15,75,5,40,25,40,,430,10,35,95,80,60,105,30,10,5,,"1,115",..,60,115,55,..,65,65,105,110,25,75,75,65,115,,420,15,25,10,35,50,65,75,15,25,90,20,,585,250,10,..,30,..,35,25,..,5,5,15,30,5,45,..,35,335,15,0,15,30,35,25,30,45,25,10,20,15,10,10,10,10,5,5,25,,700,15,35,50,40,55,45,30,20,50,115,30,15,5,40,90,20,15,10,15,,470,5,20,45,30,70,50,50,..,20,20,25,30,20,20,45,15
,Primary placement offer (at 31 March),Parent and child,355,,0,0,0,0,0,0,0,0,0,0,0,0,0,,5,0,0,0,0,0,0,0,0,0,0,0,0,0,0,0,0,0,0,0,0,0,0,5,,50,0,0,0,0,40,0,0,5,0,0,0,0,0,0,0,,0,0,0,0,0,0,0,0,0,0,,5,..,0,0,0,..,0,0,0,0,0,0,5,0,0,,0,0,0,0,0,0,0,0,0,0,0,0,,10,5,0,..,0,..,0,0,..,0,0,0,0,0,0,..,0,5,0,0,5,0,0,0,0,0,0,0,0,0,0,0,0,0,0,0,0,,45,0,0,0,0,0,0,10,10,0,5,0,0,0,0,0,0,20,0,0,,45,0,0,0,5,20,5,5,..,0,0,0,10,5,0,0,0
,Primary placement offer (at 31 March),Multi-dimensional treatment,600,,0,0,0,0,0,0,0,0,0,0,0,0,0,,5,0,0,0,0,0,0,0,0,0,0,0,5,0,0,0,0,0,0,0,0,0,0,0,,5,0,0,0,0,0,0,0,0,5,0,0,0,0,0,0,,55,0,55,0,0,0,0,0,0,0,,5,..,0,0,5,..,0,0,0,0,0,0,5,0,0,,5,0,0,0,0,0,5,0,0,0,0,0,,0,0,0,..,0,..,0,0,..,0,0,0,0,0,0,..,0,0,0,0,0,0,0,0,0,0,0,0,0,0,0,0,0,0,0,0,0,,0,0,0,0,0,0,0,0,0,0,0,0,0,0,0,0,0,0,0,0,,25,0,0,0,0,0,5,10,..,0,0,0,5,0,0,0,0
,Primary placement offer (at 31 March),Remand,20,,0,0,0,0,0,0,0,0,0,0,0,0,0,,0,0,0,0,0,0,0,0,0,0,0,0,0,0,0,0,0,0,0,0,0,0,0,0,,0,0,0,0,0,0,0,0,0,0,0,0,0,0,0,0,,5,0,0,0,0,0,0,0,0,0,,0,..,0,0,0,..,0,0,0,0,0,0,0,0,0,,5,0,0,0,0,0,0,0,0,0,0,0,,0,0,0,..,0,..,0,0,..,0,0,0,0,0,0,..,0,0,0,0,0,0,0,0,0,0,0,0,0,0,0,0,0,0,0,0,0,,0,0,0,0,0,0,0,0,0,0,0,0,0,0,0,0,0,0,0,0,,0,0,0,0,0,0,0,0,..,0,0,0,0,0,0,0,0
,Primary placement offer (at 31 March),Other,235,,0,0,0,0,0,0,0,0,0,0,0,0,0,,0,0,0,0,0,0,0,0,0,0,0,0,0,0,0,0,0,0,0,0,0,0,0,0,,30,0,0,0,0,0,0,0,30,0,0,0,0,0,0,0,,10,0,0,0,5,0,0,0,0,0,,5,..,0,0,0,..,0,0,0,0,0,0,0,0,0,,25,5,10,5,0,0,0,0,5,0,0,0,,5,5,0,..,0,..,0,0,..,0,0,0,0,0,0,..,5,0,0,0,0,0,0,0,0,0,0,0,0,0,0,0,0,0,0,0,0,,20,0,0,0,0,0,5,0,0,10,0,0,5,0,0,0,0,0,0,0,,10,0,0,0,0,0,0,0,..,0,0,0,0,0,5,0,5
,Primary placement offer (at 31 March),Fostering to adopt,335,,15,0,0,0,0,0,0,0,0,0,0,0,5,,45,0,0,0,0,0,0,5,0,0,15,0,10,0,0,5,0,0,0,0,0,0,0,5,,50,5,5,0,15,0,5,5,0,5,0,0,5,10,0,0,,25,0,5,0,5,10,5,0,0,0,,20,..,5,0,0,..,5,0,5,0,0,0,0,0,0,,50,0,0,0,20,10,5,5,5,0,5,0,,10,10,0,..,0,..,0,0,..,0,0,0,5,0,0,..,0,0,0,0,0,0,0,0,0,0,0,0,0,0,0,0,0,0,0,0,0,,30,0,0,0,5,0,0,5,0,5,0,0,0,5,0,5,0,5,0,0,,40,0,0,5,0,20,0,0,..,0,0,5,5,0,0,0,0
,Primary placement offer (at 31 March),Short breaks,"1,415",,45,0,0,5,0,0,10,0,0,5,5,10,0,,130,0,10,0,0,10,10,25,0,5,0,15,5,5,0,15,0,0,15,5,0,0,0,15,,285,0,15,5,0,0,25,5,165,5,5,10,5,35,5,5,,95,15,40,0,0,20,10,0,5,0,,35,..,0,10,0,..,0,5,0,0,0,0,0,0,5,,75,0,5,5,0,25,0,20,0,0,20,0,,65,25,0,..,0,..,0,0,..,0,0,0,0,0,0,..,15,40,0,0,10,0,10,0,0,0,0,0,0,0,0,5,0,0,5,0,0,,125,0,0,5,20,15,0,15,5,0,0,15,5,5,0,15,5,20,5,0,,255,0,0,30,60,20,15,30,..,15,20,5,15,10,20,5,10
,Primary placement offer (at 31 March),Shared care,640,,15,0,0,10,0,0,5,0,0,0,0,0,0,,35,0,0,0,0,5,0,0,0,0,0,0,5,0,0,0,0,0,15,0,5,0,0,0,,75,0,20,0,0,0,10,0,0,0,0,15,10,0,5,10,,160,0,35,10,10,0,15,0,85,0,,40,..,0,0,0,..,5,5,25,0,0,5,10,0,0,,95,0,15,0,15,30,15,0,0,0,20,0,,40,35,0,..,0,..,0,5,..,0,0,0,30,0,0,..,0,5,0,0,0,0,0,0,0,0,0,0,0,0,0,0,0,0,0,0,0,,50,0,0,5,0,0,0,20,0,0,0,0,15,10,0,0,0,0,0,0,,85,5,0,25,0,0,0,25,..,5,0,10,0,0,5,0,5
,Primary placement offer (at 31 March),Not known,25,,0,0,0,0,0,0,0,0,0,0,0,0,0,,0,0,0,0,0,0,0,0,0,0,0,0,0,0,0,0,0,0,0,0,0,0,0,0,,0,0,0,0,0,0,0,0,0,0,0,0,0,0,0,0,,0,0,0,0,0,0,0,0,0,0,,0,..,0,0,0,..,0,0,0,0,0,0,0,0,0,,10,0,0,0,0,0,0,0,10,0,0,0,,10,10,0,..,0,..,0,0,..,10,0,0,0,0,0,..,0,0,0,0,0,0,0,0,0,0,0,0,0,0,0,0,0,0,0,0,0,,0,0,0,0,0,0,0,0,0,0,0,0,0,0,0,0,0,0,0,0,,0,0,0,0,0,0,0,0,..,0,0,0,0,0,0,0,0
,,,,,,,,,,,,,,,,,,,,,,,,,,,,,,,,,,,,,,,,,,,,,,,,,,,,,,,,,,,,,,,,,,,,,,,,,,,,,,,,,,,,,,,,,,,,,,,,,,,,,,,,,,,,,,,,,,,,,,,,,,,,,,,,,,,,,,,,,,,,,,,,,,,,,,,,,,,,,,,,,,,,,,,,,,,,,,,,
,Exemptions (in year),Number of households with exemptions to the usual fostering limit in place at any time during the year,"1,785",,100,10,0,15,5,5,5,5,5,0,5,10,45,,215,10,20,20,10,10,10,0,5,0,5,5,15,15,5,0,30,5,5,5,10,5,10,20,,165,0,10,20,0,5,50,0,30,10,15,10,0,0,5,0,,80,5,0,10,5,30,10,10,5,0,,220,..,5,5,0,..,5,0,0,0,0,5,5,170,5,,80,0,15,0,0,0,0,0,0,15,45,5,,140,40,5,..,0,..,0,0,..,5,5,10,0,5,10,..,5,95,10,0,5,5,5,40,5,5,15,5,0,0,0,0,0,0,0,0,0,,225,5,0,0,15,85,5,25,10,0,5,15,0,5,20,15,5,5,5,5,,130,5,5,5,15,15,15,25,..,0,0,5,5,0,5,15,10
,,,,,,,,,,,,,,,,,,,,,,,,,,,,,,,,,,,,,,,,,,,,,,,,,,,,,,,,,,,,,,,,,,,,,,,,,,,,,,,,,,,,,,,,,,,,,,,,,,,,,,,,,,,,,,,,,,,,,,,,,,,,,,,,,,,,,,,,,,,,,,,,,,,,,,,,,,,,,,,,,,,,,,,,,,,,,,,,
,Capacity (at 31 March),Number of households approved for one CYP,"14,535",,845,30,135,70,50,40,120,70,65,45,60,65,90,,"1,660",30,30,70,45,85,65,65,25,40,95,165,125,50,45,105,70,95,65,100,75,45,45,120,,"1,580",65,245,45,40,80,160,100,280,55,25,180,55,145,65,45,,840,55,160,100,105,90,165,120,35,10,,"1,535",..,125,110,50,..,60,85,195,155,30,90,100,85,120,,950,40,70,30,130,210,55,140,35,30,170,40,,"1,585",795,40,..,80,..,75,95,..,60,45,50,90,75,80,..,105,790,25,40,40,50,55,80,65,70,50,30,45,35,40,20,25,20,30,20,55,,"1,605",20,65,70,95,275,40,190,40,70,135,55,40,20,105,165,35,135,20,25,,"1,075",15,45,155,95,135,85,115,..,50,55,55,100,35,45,45,50
,Capacity,Number of households approved for two CYP,"15,470",,805,30,110,75,65,60,105,45,70,45,45,70,90,,"1,490",40,15,100,35,35,60,70,35,50,40,120,135,75,75,95,55,55,65,65,45,35,95,100,,"1,265",65,135,50,30,65,115,80,275,45,55,80,60,105,70,30,,705,40,165,90,85,105,115,75,25,10,,"1,185",..,75,95,35,..,55,50,110,80,40,85,95,125,90,,960,30,75,50,170,190,45,125,40,55,145,30,,"1,285",505,30,..,35,..,55,40,..,30,50,45,70,35,30,..,80,780,60,45,45,45,60,95,45,60,35,20,35,40,45,15,35,25,15,30,25,,"1,565",30,60,40,105,180,30,295,60,70,115,95,45,30,75,155,40,105,20,25,,"1,010",30,25,95,110,155,85,115,..,30,60,30,90,35,35,40,75
,Capacity,Number of households approved for three CYP,"13,075",,495,20,90,60,20,20,85,45,25,25,10,45,50,,"1,460",40,110,80,20,20,45,65,15,25,360,50,85,75,40,40,35,20,35,40,30,75,65,90,,755,25,60,30,90,30,65,35,170,45,40,35,30,35,20,45,,540,15,50,60,20,115,45,25,210,5,,560,..,40,40,50,..,25,15,65,35,25,30,70,5,55,,565,20,35,15,150,60,20,110,30,25,75,25,,565,210,5,..,15,..,20,10,..,5,35,25,45,10,5,..,35,355,65,20,35,10,20,60,10,10,25,15,5,10,25,5,10,15,0,5,10,,870,15,50,25,70,110,20,195,65,25,65,60,10,15,30,50,10,35,10,10,,520,15,10,60,55,65,35,70,..,15,40,20,35,20,15,30,35
,Capacity,Number of households approved for four or more CYP,870,,70,5,20,5,10,5,5,5,5,0,0,5,10,,120,0,15,0,5,5,5,15,0,0,10,10,10,0,5,5,5,0,5,0,10,0,5,0,,85,0,5,5,0,5,10,5,20,15,5,5,5,0,0,0,,60,0,0,10,5,0,5,0,35,0,,70,..,10,5,5,..,5,0,15,0,5,5,0,10,5,,50,0,5,0,15,5,0,15,5,5,0,0,,35,10,0,..,0,..,0,0,..,0,0,0,0,0,0,..,5,25,5,0,0,0,0,0,0,0,0,0,0,0,0,0,0,0,0,0,0,,55,0,0,5,10,5,0,5,5,0,5,5,0,0,0,5,0,0,0,0,,25,0,0,5,0,0,0,5,..,5,0,0,0,0,5,0,0
,,,,,,,,,,,,,,,,,,,,,,,,,,,,,,,,,,,,,,,,,,,,,,,,,,,,,,,,,,,,,,,,,,,,,,,,,,,,,,,,,,,,,,,,,,,,,,,,,,,,,,,,,,,,,,,,,,,,,,,,,,,,,,,,,,,,,,,,,,,,,,,,,,,,,,,,,,,,,,,,,,,,,,,,,,,,,,,,
Places,Fostering places (at 31 March) °,Number of approved foster places,"88,370",,"4,235",165,715,425,275,235,605,310,300,210,195,355,450,,"9,545",230,450,510,195,230,340,465,145,230,"1,305",605,690,430,340,425,300,265,335,355,310,345,445,600,,"6,735",265,730,245,385,320,635,385,"1,415",345,275,475,290,465,270,235,,"4,130",180,650,495,355,655,550,345,865,35,,"5,865",..,425,435,295,..,260,235,665,420,200,355,505,375,485,,"4,755",165,340,180,975,780,200,785,235,225,690,185,,"6,005","2,485",125,..,210,..,250,200,..,135,250,220,375,175,155,..,385,"3,520",360,195,245,170,245,450,195,225,195,120,130,155,210,65,135,115,70,100,135,,"7,565",135,330,235,565,985,170,"1,380",375,295,585,435,165,125,355,645,145,465,80,100,,"4,760",115,140,530,490,640,355,570,..,175,295,190,385,175,180,220,300
,Fostering Places,Number of filled places,"54,870",,"2,990",100,535,295,205,125,410,215,235,135,145,245,345,,"6,720",190,305,375,160,185,230,270,100,155,725,515,470,310,280,315,240,215,195,295,240,205,270,460,..,"4,545",175,595,195,215,210,490,290,825,225,190,310,155,325,210,140,,"2,410",105,325,365,250,405,415,215,310,25,,"4,495",..,320,330,195,..,200,190,490,335,150,290,375,270,365,,"3,015",95,240,115,525,470,120,490,160,190,485,125,,"3,720","1,485",70,..,140,..,180,135,..,70,120,150,205,115,80,..,225,"2,235",230,105,120,105,160,350,140,155,135,75,90,95,120,35,70,55,50,55,85,,"4,985",85,200,150,360,750,125,945,235,205,335,275,80,70,230,410,90,310,60,70,,"2,945",70,105,345,270,415,195,345,..,110,170,115,225,105,110,170,195
,Fostering Places,Number of vacant places,"16,080",,550,40,95,15,75,5,150,5,25,30,25,50,45,,"1,710",45,10,90,5,25,105,75,20,60,525,95,65,65,40,50,55,40,30,15,55,75,100,80,,785,65,15,35,30,55,5,50,115,115,20,70,95,25,40,45,,"1,005",15,85,125,10,130,45,95,485,10,,800,..,90,20,100,..,30,5,120,45,25,35,85,70,45,,825,50,60,30,255,65,60,55,75,45,90,35,,"1,465",660,30,..,25,..,40,15,..,60,130,20,100,35,80,..,120,805,115,90,50,35,30,70,40,30,15,25,5,30,80,15,20,60,15,30,40,,"1,070",25,35,35,35,125,25,135,70,25,150,35,75,25,65,55,35,80,20,30,,885,15,30,35,10,140,160,100,..,30,30,80,45,15,65,50,85
,Fostering Places,Number of places not available,"15,845",,580,25,85,90,0,65,50,85,30,20,20,50,60,,"1,085",0,135,55,30,20,0,110,25,10,55,0,150,55,30,60,10,10,80,35,25,65,75,45,,"1,225",25,90,20,140,50,95,50,430,0,45,95,35,85,25,40,,580,30,150,5,80,125,85,35,70,5,,540,..,20,70,0,..,35,35,55,40,25,35,50,50,55,,890,20,40,25,195,240,25,235,0,0,80,30,,815,340,25,..,45,..,35,45,..,10,0,50,65,25,0,..,50,475,20,0,55,30,45,50,20,30,50,25,30,30,15,10,45,0,5,5,15,,"1,395",25,95,40,130,130,20,285,75,65,100,90,5,35,65,130,20,80,0,5,,690,25,5,95,110,90,0,115,..,20,70,0,80,45,0,0,30
,,,,,,,,,,,,,,,,,,,,,,,,,,,,,,,,,,,,,,,,,,,,,,,,,,,,,,,,,,,,,,,,,,,,,,,,,,,,,,,,,,,,,,,,,,,,,,,,,,,,,,,,,,,,,,,,,,,,,,,,,,,,,,,,,,,,,,,,,,,,,,,,,,,,,,,,,,,,,,,,,,,,,,,,,,,,,,,,
Recruitment and Retention,Initial enquiries ,Number of initial enquiries from new prospective fostering households,"127,850",,"1,760",85,0,145,30,215,305,170,435,110,95,135,35,,"6,550",155,135,65,260,275,330,380,165,85,965,445,820,215,345,165,245,70,285,125,200,335,220,265,,"4,245",125,525,155,185,280,420,240,510,50,145,430,200,675,180,130,,"3,050",170,935,270,605,235,345,360,130,15,,"3,615",..,815,150,190,..,65,105,620,100,105,95,300,190,120,,"3,385",160,390,110,"1,140",185,125,400,210,10,415,235,,"5,155","2,630",145,..,230,..,165,250,..,70,130,275,120,270,100,..,870,"2,525",105,200,165,160,145,165,250,235,130,85,120,60,250,25,215,50,15,10,145,,"4,615",130,190,180,265,"1,010",90,590,190,325,135,200,145,310,185,345,55,145,25,100,,"3,585",75,125,355,330,505,250,380,..,135,140,90,280,165,360,95,295
,,,,,,,,,,,,,,,,,,,,,,,,,,,,,,,,,,,,,,,,,,,,,,,,,,,,,,,,,,,,,,,,,,,,,,,,,,,,,,,,,,,,,,,,,,,,,,,,,,,,,,,,,,,,,,,,,,,,,,,,,,,,,,,,,,,,,,,,,,,,,,,,,,,,,,,,,,,,,,,,,,,,,,,,,,,,,,,,
,Applications received in-year **,Total number of applications received from prospective fostering households between 1 April and 31 March,"9,740",,205,10,25,15,10,25,20,30,5,15,10,10,35,,885,15,5,20,0,10,15,40,15,15,125,10,45,35,20,15,65,110,25,115,20,20,5,135,,485,35,150,5,35,15,65,10,30,5,30,30,25,25,15,10,,295,25,10,25,65,40,35,65,25,5,,440,..,155,20,15,..,10,25,30,25,60,10,5,25,25,,335,5,10,25,100,40,10,50,10,25,30,25,,400,120,40,..,10,..,10,5,..,0,0,0,20,10,5,..,25,280,15,10,20,15,35,10,5,35,10,20,20,0,0,0,10,0,0,0,70,,"1,030",15,5,20,260,240,15,215,25,5,10,40,15,15,25,55,5,55,5,10,,315,5,10,60,10,40,35,15,..,10,5,35,40,5,15,5,20
,,Number of applications approved,"2,415",,80,0,20,5,10,5,15,0,5,10,0,5,5,,190,5,0,0,0,0,10,15,0,5,50,5,25,10,5,5,5,5,5,5,5,10,5,20,,115,5,5,5,5,0,5,0,30,5,10,15,5,10,0,0,,90,5,10,15,15,5,10,20,5,0,,80,..,10,5,5,..,5,0,20,5,0,5,5,15,10,,130,5,10,10,40,20,5,15,10,5,10,5,,105,35,0,..,5,..,10,0,..,0,0,0,5,0,5,..,10,70,10,10,5,0,5,0,0,10,0,5,5,0,0,0,10,0,0,0,0,,145,5,5,5,10,30,5,10,10,5,10,5,5,0,5,10,0,20,0,5,,80,5,5,0,5,10,10,15,..,5,5,0,5,0,0,5,10
,Outcome of applications,Number of applications withdrawn by applicants,"2,470",,35,0,5,0,0,0,0,10,0,0,0,0,15,,285,0,0,0,0,5,0,5,0,5,35,0,10,5,5,5,30,80,0,35,0,5,5,60,,105,5,50,0,10,0,20,5,0,0,5,0,0,5,5,0,,45,5,0,0,25,5,0,10,0,0,,130,..,85,5,0,..,0,10,0,10,15,0,0,0,0,,55,0,0,10,20,20,0,0,0,0,0,10,,90,20,5,..,0,..,0,0,..,0,0,0,10,0,0,..,5,70,0,0,5,0,15,0,0,10,5,10,5,0,0,0,0,0,0,0,15,,265,5,0,0,130,0,5,60,10,0,0,20,0,5,0,10,0,20,0,0,,35,0,0,5,0,0,10,0,..,0,0,15,10,0,0,0,0
,Outcome of applications,Number of applications withdrawn by services,"1,290",,0,0,0,0,0,0,0,0,0,0,0,0,0,,130,0,0,0,0,0,0,5,0,0,0,0,0,0,0,0,15,20,0,40,0,0,0,45,,40,0,25,0,5,0,5,0,0,0,0,0,0,5,0,0,,15,0,0,0,0,5,0,5,0,0,,40,..,20,0,0,..,0,5,0,0,5,0,0,0,0,,10,0,0,0,0,0,0,0,0,0,5,0,,60,15,10,..,0,..,0,0,..,0,0,0,0,5,0,..,0,45,0,0,0,0,5,0,0,5,0,5,0,0,0,0,0,0,0,0,25,,165,0,0,0,65,25,0,60,5,0,0,5,0,0,5,0,0,0,0,0,,15,0,0,0,0,0,5,0,..,0,0,5,5,0,0,0,0
,Outcome of applications,Number of applications rejected after being presented to panel,60,,5,0,0,0,0,0,0,0,0,5,0,0,0,,10,0,0,0,0,0,0,0,0,0,0,0,0,0,0,0,0,0,0,5,0,0,0,0,,5,0,0,0,0,0,5,0,0,0,0,0,0,0,0,0,,5,0,0,0,0,0,0,0,5,0,,10,..,0,0,0,..,0,0,0,0,10,0,0,0,0,,0,0,0,0,0,0,0,0,0,0,0,0,,0,0,0,..,0,..,0,0,..,0,0,0,0,0,0,..,0,0,0,0,0,0,0,0,0,0,0,0,0,0,0,0,0,0,0,0,0,,0,0,0,0,0,0,0,0,0,0,0,0,0,0,0,0,0,0,0,0,,0,0,0,0,0,0,0,0,..,0,0,0,0,0,0,0,0
,Outcome of applications,Number of applications which remained in progress on 31 March,"3,500",,80,5,0,5,0,20,10,15,0,0,5,5,15,,270,10,5,20,0,5,0,15,15,10,45,5,10,15,10,5,15,5,15,35,15,5,0,15,,220,20,70,0,10,10,30,5,0,0,10,15,20,5,10,5,,135,15,0,10,25,20,25,30,10,5,,180,..,40,10,10,..,0,10,15,15,25,5,0,15,15,,135,0,0,0,45,0,10,35,0,20,10,15,,145,45,20,..,0,..,0,5,..,0,0,0,5,5,0,..,10,100,5,0,5,10,10,10,0,15,5,5,10,0,0,0,0,0,0,0,25,,455,10,0,15,50,185,5,85,5,0,0,15,10,10,15,30,5,15,5,0,,185,0,5,55,5,30,10,0,..,5,0,15,25,5,15,0,10
,,,,,,,,,,,,,,,,,,,,,,,,,,,,,,,,,,,,,,,,,,,,,,,,,,,,,,,,,,,,,,,,,,,,,,,,,,,,,,,,,,,,,,,,,,,,,,,,,,,,,,,,,,,,,,,,,,,,,,,,,,,,,,,,,,,,,,,,,,,,,,,,,,,,,,,,,,,,,,,,,,,,,,,,,,,,,,,,
,Newly approved households,Total number of households approved in year,"8,400",,600,20,115,50,20,10,125,40,35,35,20,30,85,,"1,005",25,30,20,15,20,40,35,15,25,150,45,115,40,20,55,45,40,30,60,40,35,35,65,,690,35,80,25,50,30,60,15,165,30,25,55,15,65,20,30,,440,15,60,60,60,70,90,60,25,5,,660,..,60,60,35,..,35,30,85,50,10,25,50,50,60,,455,20,35,10,85,75,30,85,20,20,55,15,,585,235,15,..,25,..,30,10,..,10,5,10,30,10,55,..,30,345,25,25,25,15,35,20,25,40,15,10,20,15,10,10,15,5,10,5,20,,755,20,40,45,45,110,30,65,20,30,80,35,20,10,30,70,15,50,10,20,,495,10,15,30,40,90,50,60,..,15,20,25,45,15,15,40,20
,Newly approved households,"Of which, number of family and friends households approved in year ~","3,290",,460,20,90,30,15,5,105,35,20,20,15,25,75,,605,15,25,15,10,15,20,10,5,15,55,35,65,25,5,45,30,35,20,50,30,20,10,45,,405,15,50,15,30,15,40,10,95,15,10,35,0,35,10,25,,220,5,30,35,30,35,60,20,10,0,,445,..,30,35,20,..,30,20,55,35,5,15,35,30,45,,195,10,10,0,15,30,25,45,10,10,30,10,,315,120,10,..,10,..,15,5,..,5,0,10,15,0,35,..,15,195,10,0,10,15,20,15,20,25,10,5,10,10,5,5,5,0,5,5,15,,400,10,20,30,25,50,25,15,10,25,60,25,10,5,15,40,10,10,5,10,,255,0,5,10,20,50,30,30,..,10,15,10,25,10,5,30,0
,,,,,,,,,,,,,,,,,,,,,,,,,,,,,,,,,,,,,,,,,,,,,,,,,,,,,,,,,,,,,,,,,,,,,,,,,,,,,,,,,,,,,,,,,,,,,,,,,,,,,,,,,,,,,,,,,,,,,,,,,,,,,,,,,,,,,,,,,,,,,,,,,,,,,,,,,,,,,,,,,,,,,,,,,,,,,,,,
,Deregistrations ?,Deregistered to facilitate a transfer to a local authority,240,,0,0,0,0,0,0,0,0,0,0,0,0,0,,5,0,0,0,0,0,0,0,0,0,0,0,0,0,0,0,0,0,0,0,0,0,0,0,,0,0,0,0,0,0,0,0,0,0,0,0,0,0,0,0,,5,0,0,5,0,0,0,0,0,0,,0,..,0,0,0,..,0,0,0,0,0,0,0,0,0,,0,0,0,0,0,0,0,0,0,0,0,0,,15,5,0,..,0,..,0,0,..,0,0,0,0,0,0,..,0,5,0,0,0,0,0,0,0,5,0,0,0,0,0,0,0,0,0,0,0,,0,0,0,0,0,0,0,0,0,0,0,0,0,0,0,0,0,0,0,0,,5,0,0,0,0,0,0,0,..,0,0,0,0,0,0,0,0
,Deregistrations,Deregistered to facilitate a transfer to an independent fostering agency,360,,5,5,0,0,0,0,0,0,0,0,0,0,0,,15,0,0,0,0,0,0,0,0,0,0,0,0,5,0,0,0,0,0,0,0,0,5,5,,0,0,0,0,0,0,0,0,0,0,0,0,0,0,0,0,,10,5,0,5,0,5,0,0,0,0,,10,..,0,0,0,..,0,0,0,0,0,0,0,0,0,,5,0,0,0,0,0,0,0,0,0,0,0,,5,5,0,..,0,..,0,0,..,0,0,0,0,0,0,..,0,5,0,0,0,0,0,0,0,0,0,0,0,0,0,0,0,0,0,0,0,,10,0,0,0,0,0,0,0,0,0,0,0,0,5,0,0,0,0,0,0,,5,0,0,0,0,0,0,0,..,0,0,0,0,0,5,0,0
,Deregistrations,Deregistration initiated by the fostering service,"2,910",,365,35,5,60,30,5,0,30,35,35,40,15,80,,490,5,0,0,20,20,30,10,0,25,30,60,40,55,5,0,25,5,30,40,20,0,20,55,,355,5,75,0,60,0,70,5,20,0,0,40,5,65,0,5,,180,0,5,70,30,35,15,20,0,0,,225,..,35,30,0,..,5,15,35,35,0,20,10,0,40,,180,5,5,0,0,50,10,25,10,0,60,15,,285,135,10,..,25,..,15,5,..,0,0,5,25,0,5,..,40,155,0,0,10,0,10,5,25,10,25,0,15,15,0,5,0,0,15,0,15,,485,0,0,5,40,95,10,50,25,50,40,45,10,20,0,80,5,5,0,5,,190,0,15,20,30,5,25,0,..,0,25,0,50,5,10,0,0
,Deregistrations,Deregistration initiated by the foster carer,"5,365",,395,5,100,20,10,5,65,45,15,5,25,35,80,,700,10,45,25,5,60,35,30,5,5,110,60,60,15,40,35,20,5,10,35,30,15,15,30,,440,25,5,25,15,25,35,15,145,0,35,50,20,15,15,20,,325,25,75,20,10,85,50,25,35,5,,430,..,15,10,5,..,30,20,85,10,25,20,90,20,30,,350,10,10,10,65,65,30,80,25,25,25,10,,375,110,5,..,0,..,15,20,..,0,0,20,20,10,5,..,15,260,40,15,15,25,30,30,15,10,10,20,15,5,10,10,0,0,5,0,5,,560,20,25,40,20,55,10,95,15,25,30,35,20,5,70,20,15,40,5,5,,335,5,0,15,40,70,20,0,..,25,30,20,25,20,15,20,30
,Deregistrations,Deregistration for unknown reason,55,,0,0,0,0,0,0,0,0,0,0,0,0,0,,0,0,0,0,0,0,0,0,0,0,0,0,0,0,0,0,0,0,0,0,0,0,0,0,,0,0,0,0,0,0,0,0,0,0,0,0,0,0,0,0,,5,0,0,0,0,0,0,0,5,0,,0,..,0,0,0,..,0,0,0,0,0,0,0,0,0,,0,0,0,0,0,0,0,0,0,0,0,0,,0,0,0,..,0,..,0,0,..,0,0,0,0,0,0,..,0,0,0,0,0,0,0,0,0,0,0,0,0,0,0,0,0,0,0,0,0,,15,0,0,0,0,15,0,0,0,0,0,0,0,0,0,0,0,0,0,0,,10,0,0,0,5,0,0,0,..,0,0,0,0,0,0,0,5
,Deregistrations,"Total households deregistered between 1 April and 31 March""","8,925",,770,40,105,80,40,10,65,75,50,35,60,45,160,,"1,205",15,45,25,25,80,60,35,5,30,145,120,105,75,40,35,45,10,40,75,50,20,35,90,,795,30,80,25,75,25,110,20,165,0,35,90,20,80,15,25,,520,25,80,95,40,120,65,45,40,5,,665,..,45,35,5,..,35,40,120,40,25,40,100,20,70,,535,15,15,15,65,115,40,110,30,25,80,25,,680,255,20,..,25,..,35,25,..,5,0,25,50,10,10,..,55,425,40,15,25,30,40,35,35,20,35,20,30,20,10,20,0,0,20,0,25,,"1,070",20,25,45,60,170,20,145,40,80,70,80,30,25,70,105,20,45,5,10,,540,5,15,35,75,75,45,0,..,25,55,20,80,30,30,20,35
,,,,,,,,,,,,,,,,,,,,,,,,,,,,,,,,,,,,,,,,,,,,,,,,,,,,,,,,,,,,,,,,,,,,,,,,,,,,,,,,,,,,,,,,,,,,,,,,,,,,,,,,,,,,,,,,,,,,,,,,,,,,,,,,,,,,,,,,,,,,,,,,,,,,,,,,,,,,,,,,,,,,,,,,,,,,,,,,
,Referrals to the IRM ^,Number of applications for a review to the IRM,235,,5,0,0,0,0,0,0,0,0,0,0,0,0,,15,0,0,0,0,0,0,0,0,0,0,0,0,0,0,0,0,0,0,0,0,0,0,0,,10,0,5,0,0,0,0,0,0,0,0,0,0,0,0,0,,5,0,0,0,0,0,0,0,0,0,,5,..,0,0,0,..,0,0,0,0,0,0,0,0,0,,5,0,0,0,0,0,0,0,0,0,0,0,,10,5,0,..,0,..,0,0,..,0,0,0,0,0,0,..,0,5,0,0,0,0,5,0,0,0,0,0,0,0,0,0,0,0,0,0,0,,5,0,0,0,0,0,0,0,0,0,0,0,0,0,0,0,0,0,0,0,,0,0,0,0,0,0,0,0,..,0,0,0,0,0,0,0,0
,Referrals to the IRM,Number of which resulted in a recommendation being made to review the decision,90,,0,0,0,0,0,0,0,0,0,0,0,0,0,,5,0,0,0,0,0,0,0,0,0,0,0,0,0,0,0,0,0,0,0,0,0,0,0,,0,0,0,0,0,0,0,0,0,0,0,0,0,0,0,0,,0,0,0,0,0,0,0,0,0,0,,0,..,0,0,0,..,0,0,0,0,0,0,0,0,0,,0,0,0,0,0,0,0,0,0,0,0,0,,5,0,0,..,0,..,0,0,..,0,0,0,0,0,0,..,0,5,0,0,0,0,0,0,0,0,0,0,0,0,0,0,0,0,0,0,0,,0,0,0,0,0,0,0,0,0,0,0,0,0,0,0,0,0,0,0,0,,0,0,0,0,0,0,0,0,..,0,0,0,0,0,0,0,0
,,,,,,,,,,,,,,,,,,,,,,,,,,,,,,,,,,,,,,,,,,,,,,,,,,,,,,,,,,,,,,,,,,,,,,,,,,,,,,,,,,,,,,,,,,,,,,,,,,,,,,,,,,,,,,,,,,,,,,,,,,,,,,,,,,,,,,,,,,,,,,,,,,,,,,,,,,,,,,,,,,,,,,,,,,,,,,,,
Allegations of abuse & Complaints,Number of allegations of abuse,Number of allegations against foster carers by fostered children,"1,745",,40,5,0,10,5,0,5,5,0,5,5,0,5,,175,0,5,10,5,5,10,5,5,5,5,5,10,15,5,5,10,0,5,10,0,10,5,40,,140,0,10,10,5,0,15,15,50,0,0,10,0,15,5,0,,80,5,20,20,0,10,10,5,10,0,,75,..,15,0,0,..,5,0,10,5,5,5,5,0,5,,85,20,5,5,0,10,0,20,5,10,10,0,,105,40,5,..,0,..,0,5,..,0,0,5,5,5,5,..,5,70,10,20,5,0,5,5,0,5,5,0,0,0,0,0,0,0,0,5,5,,165,5,0,15,10,25,5,15,0,25,15,15,5,5,5,10,5,5,0,0,,80,0,0,5,5,5,10,10,..,0,10,10,5,5,5,5,5
,Number of allegations,Number of allegations against foster carers by other sources,960,,20,0,0,0,0,0,0,0,0,0,5,5,5,,135,5,0,5,5,5,5,10,0,0,10,5,5,15,0,10,5,0,0,5,5,10,10,15,,60,0,5,0,0,5,0,0,15,0,0,10,10,5,0,5,,65,5,10,15,0,5,5,10,20,0,,35,..,10,0,0,..,0,0,5,5,0,0,0,0,0,,75,5,0,0,30,5,0,10,5,10,5,5,,55,20,5,..,0,..,0,0,..,5,0,0,0,0,5,..,5,35,0,0,5,0,5,5,0,0,5,0,5,5,0,0,0,0,5,0,0,,150,0,5,0,10,35,5,20,10,10,25,5,0,5,0,10,0,5,0,0,,45,0,0,5,5,0,5,5,..,0,5,0,0,5,5,0,5
,Number of allegations,Total number of allegations made,"2,705",,55,5,0,10,5,0,5,5,5,5,5,5,10,,310,5,5,10,10,10,15,20,5,5,15,10,10,30,5,15,20,0,5,15,5,25,15,55,,200,0,15,10,5,5,15,20,65,0,0,20,10,15,5,10,,145,5,25,35,5,15,15,15,30,0,,110,..,20,0,0,..,10,0,15,10,5,5,5,0,5,,160,20,5,5,30,10,5,30,10,25,15,5,,160,60,5,..,0,..,0,5,..,5,0,5,5,5,10,..,10,100,10,20,10,0,10,5,0,5,5,0,10,5,0,0,0,0,5,5,5,,315,5,5,15,20,60,10,35,10,35,40,20,10,10,5,20,5,10,0,0,,125,0,0,10,10,10,15,15,..,5,15,10,5,10,10,5,5
,Number of allegations,Number of children made allegations against foster carers,"1,730",,40,0,0,10,5,0,5,5,0,5,5,0,5,,170,0,5,5,10,5,15,10,5,0,5,0,10,15,5,10,15,0,10,10,5,10,5,25,,145,0,10,10,5,0,15,15,50,0,0,10,5,15,5,5,,80,5,20,20,0,10,10,5,10,0,,80,..,15,0,0,..,5,0,10,5,5,5,10,0,5,,80,20,5,5,0,10,0,10,5,10,10,0,,120,45,5,..,0,..,0,5,..,0,0,5,10,5,5,..,5,75,10,20,5,0,5,5,0,5,5,5,0,0,0,0,0,0,0,5,5,,145,5,0,15,10,20,0,15,0,20,10,10,5,5,5,10,5,5,0,0,,90,0,0,10,5,5,15,10,..,0,10,10,5,5,5,5,5
,Number of allegations,Number of foster carers subject to allegations,"2,650",,60,5,0,10,5,0,5,5,5,5,5,5,15,,320,10,5,10,10,10,15,20,5,5,20,10,10,30,5,15,20,0,10,15,5,25,15,50,,200,5,15,5,5,5,15,20,65,0,0,20,10,15,5,10,,150,5,25,35,0,15,15,20,30,0,,125,..,20,0,0,..,10,0,25,10,5,5,5,0,10,,155,20,5,5,30,10,5,25,10,25,15,5,,165,60,5,..,0,..,0,5,..,5,0,5,10,5,10,..,10,105,10,20,15,0,10,5,0,5,10,5,10,5,0,0,0,0,5,0,5,,290,10,5,15,15,45,10,35,15,25,35,15,5,5,5,20,5,15,0,0,,120,0,0,15,10,5,15,15,..,0,15,10,5,10,10,5,5
,Category of alleged abuse,Physical abuse,"1,570",,35,5,0,0,0,0,5,5,5,5,5,0,5,,180,5,5,5,5,5,5,10,5,5,10,5,5,20,0,10,10,0,5,10,0,15,10,30,,130,0,10,10,0,5,10,10,40,0,0,15,5,10,5,5,,85,0,20,20,0,15,10,5,15,0,,75,..,15,0,0,..,10,0,10,5,5,5,5,0,5,,85,5,5,5,15,10,5,10,10,10,10,0,,60,25,0,..,0,..,0,0,..,0,0,5,5,5,5,..,5,35,5,5,0,0,5,0,0,0,5,0,5,0,0,0,0,0,0,0,0,,165,5,0,10,10,20,5,25,0,15,20,15,5,5,5,15,5,5,0,0,,75,0,0,5,10,5,5,10,..,0,15,5,5,5,5,5,0
,Category of alleged abuse,Sexual abuse,175,,5,0,0,0,0,0,0,0,0,0,0,0,0,,15,0,0,0,0,0,0,0,0,0,0,0,0,0,0,0,0,0,0,0,0,0,0,5,,20,0,0,0,0,0,5,5,5,0,0,0,0,0,0,0,,10,0,0,5,0,0,0,5,0,0,,5,..,0,0,0,..,0,0,0,0,0,0,0,0,0,,10,0,0,0,5,5,0,5,0,0,0,0,,25,10,0,..,0,..,0,0,..,0,0,0,0,0,5,..,0,15,0,0,0,0,0,5,0,0,0,0,0,0,0,0,0,0,0,0,0,,15,0,0,0,0,0,0,5,0,0,0,0,0,0,0,0,0,0,0,0,,10,0,0,0,0,0,0,0,..,0,0,0,0,5,0,0,0
,Category of alleged abuse,Neglect,430,,5,0,0,0,0,0,0,0,0,0,0,0,0,,55,0,0,0,0,0,0,5,0,0,0,0,0,5,0,0,5,0,0,5,5,5,0,15,,20,0,0,0,0,0,0,5,5,0,0,5,5,0,0,5,,30,0,0,0,0,0,5,5,15,0,,15,..,0,0,0,..,0,0,5,0,0,0,0,0,0,,40,15,0,0,5,0,0,10,0,10,0,0,,35,15,0,..,0,..,0,0,..,0,0,0,0,0,0,..,5,20,0,5,5,0,0,5,0,0,0,0,0,0,0,0,0,0,5,0,0,,65,0,0,0,5,15,5,10,5,5,10,0,0,5,0,0,0,5,0,0,,15,0,0,0,0,0,5,5,..,0,0,0,0,0,5,0,0
,Category of alleged abuse,Emotional abuse,530,,15,0,0,5,0,0,0,0,0,0,0,0,0,,60,0,0,5,0,0,5,5,0,0,5,5,5,5,0,5,0,0,0,0,0,5,5,10,,25,0,0,0,0,0,0,0,15,0,0,0,0,0,0,0,,20,0,5,5,0,0,0,0,0,0,,15,..,0,0,0,..,0,0,5,0,0,0,0,0,0,,25,0,0,0,5,0,0,10,0,5,5,0,,45,10,5,..,0,..,0,0,..,0,0,0,5,0,0,..,0,30,5,10,0,0,5,0,0,0,0,0,0,5,0,0,0,0,0,0,5,,65,0,0,0,0,25,0,0,5,15,10,0,0,0,0,5,0,0,0,0,,25,0,0,5,0,5,5,0,..,0,0,0,0,5,0,0,5
,Outcome of investigation,"Concerns resolved, no further action","1,535",,35,5,0,5,0,0,5,5,5,0,5,5,5,,180,0,5,5,10,0,10,10,5,5,10,5,5,25,0,5,15,0,5,0,0,20,5,35,,125,0,5,0,0,0,15,10,50,0,0,15,5,15,5,5,,85,5,25,25,0,10,10,10,0,0,,60,..,20,0,0,..,0,0,5,5,5,0,0,0,0,,90,10,5,5,5,5,0,25,5,15,10,5,,85,40,5,..,0,..,0,0,..,5,0,5,5,5,10,..,5,45,5,5,0,0,10,5,0,5,5,0,0,5,0,0,0,0,5,0,0,,165,0,0,15,5,25,5,25,0,5,30,15,0,5,0,15,5,10,0,0,,55,0,0,5,5,0,5,0,..,5,15,10,0,0,0,0,5
,Outcome of investigation,Continued monitoring for agreed period,450,,10,0,0,0,5,0,0,0,0,0,0,0,0,,45,0,0,5,0,0,0,0,0,0,0,0,0,0,0,0,5,0,0,5,0,5,5,15,,45,0,5,5,0,0,0,5,15,0,0,5,5,5,0,0,,25,0,0,0,0,5,5,0,10,0,,25,..,0,0,0,..,5,0,5,0,0,0,0,0,0,,30,5,0,0,15,0,0,0,0,5,0,0,,35,15,5,..,0,..,0,5,..,0,0,0,0,0,5,..,0,20,0,15,5,0,0,0,0,0,0,0,0,0,0,0,0,0,0,0,0,,55,0,0,0,10,0,0,0,0,15,10,0,5,0,0,0,0,5,0,0,,25,0,0,5,5,5,0,0,..,0,0,0,5,5,0,0,0
,Outcome of investigation,"Concern remained, refer to fostering panel for review",705,,10,0,0,5,0,0,0,0,0,0,0,0,0,,80,5,0,0,0,5,5,5,0,0,5,0,5,5,0,10,0,0,0,10,5,0,0,10,,30,0,5,5,0,5,0,5,0,0,0,0,5,0,0,0,,35,0,0,5,0,0,5,5,15,0,,30,..,0,0,0,..,5,0,5,0,0,5,5,0,5,,40,5,0,0,10,10,0,5,0,5,0,0,,40,10,0,..,0,..,0,0,..,0,0,0,0,0,0,..,5,35,0,5,5,0,0,0,0,0,0,0,5,0,0,0,0,0,0,5,5,,95,5,0,0,5,30,0,10,5,10,5,0,0,5,0,5,0,0,0,0,,45,0,0,0,0,0,10,10,..,0,0,0,0,10,10,5,0
,Timescale for investigation,Less than 21 working days,"1,385",,30,0,0,5,0,0,0,5,5,5,5,5,0,,155,5,5,10,5,0,10,10,5,0,5,5,0,20,0,10,10,0,0,10,0,20,0,15,,90,0,5,5,5,5,10,10,25,0,0,10,0,10,5,5,,45,5,15,10,5,10,5,0,0,0,,50,..,10,0,0,..,5,0,10,5,5,5,0,0,0,,80,10,0,5,15,5,5,5,5,10,15,0,,85,35,5,..,0,..,0,5,..,5,0,5,0,5,5,..,5,50,5,10,0,0,10,5,0,5,5,0,0,5,0,0,0,0,0,0,5,,165,5,0,10,5,30,5,15,0,25,25,10,5,5,5,10,5,5,0,0,,60,0,0,5,0,5,5,5,..,5,10,10,0,0,5,0,5
,Timescale for investigation,22-30 working days (4-6 weeks),360,,10,0,0,0,5,0,0,0,0,0,0,0,0,,40,0,0,0,0,0,5,0,0,0,5,0,5,0,0,0,5,0,5,0,0,0,5,10,,20,0,0,0,0,0,0,0,5,0,0,5,0,0,0,0,,15,0,0,5,0,0,0,0,5,0,,10,..,0,0,0,..,0,0,0,0,0,0,0,0,0,,25,10,0,0,5,0,0,0,0,5,0,0,,25,10,0,..,0,..,0,0,..,0,0,0,5,0,5,..,0,15,0,5,0,0,0,0,0,0,0,0,5,0,0,0,0,0,0,0,0,,45,0,0,5,0,15,0,5,5,0,10,5,0,0,0,0,0,0,0,0,,15,0,0,0,0,5,0,0,..,0,0,0,5,0,0,0,0
,Timescale for investigation,31-50 working days (6-10 weeks),335,,5,0,0,0,0,0,0,0,0,0,0,0,5,,35,0,0,0,0,0,0,0,0,0,0,0,5,5,0,0,0,0,0,0,0,0,5,10,,30,0,0,0,0,0,0,0,15,0,0,5,0,0,0,5,,30,0,5,5,0,0,5,10,5,0,,20,..,5,0,0,..,5,0,0,0,0,0,0,0,0,,25,5,0,0,5,5,0,5,0,0,0,0,,10,5,0,..,0,..,0,0,..,0,0,0,0,0,0,..,0,5,0,0,0,0,0,0,0,0,0,0,0,0,0,0,0,0,0,0,0,,35,0,0,0,0,5,0,5,0,0,5,0,0,0,0,5,0,0,0,0,,15,0,0,0,0,0,0,5,..,0,0,0,0,0,0,0,0
,Timescale for investigation,More than 50 working days (more than 10 weeks),615,,10,0,0,0,0,0,0,0,0,0,0,0,0,,80,0,0,0,5,5,0,5,0,0,0,0,5,10,0,0,0,0,0,5,0,0,5,25,,55,0,5,5,0,0,0,5,15,0,0,5,10,5,0,0,,55,0,10,15,0,5,5,5,15,0,,30,..,5,0,0,..,0,0,5,5,0,0,0,0,5,,30,0,0,0,5,0,0,15,0,5,0,0,,40,10,0,..,0,..,0,0,..,0,0,0,0,5,0,..,5,30,0,5,5,0,0,0,0,0,5,0,5,0,0,0,0,0,0,0,0,,70,0,5,0,10,10,0,15,0,5,0,5,0,5,0,5,0,5,0,0,,40,0,0,0,5,0,5,0,..,0,5,0,0,10,0,5,0
,,,,,,,,,,,,,,,,,,,,,,,,,,,,,,,,,,,,,,,,,,,,,,,,,,,,,,,,,,,,,,,,,,,,,,,,,,,,,,,,,,,,,,,,,,,,,,,,,,,,,,,,,,,,,,,,,,,,,,,,,,,,,,,,,,,,,,,,,,,,,,,,,,,,,,,,,,,,,,,,,,,,,,,,,,,,,,,,
,Referrals,Number of referrals to the Disclosure and Barring Service (DBS),90,,5,0,0,0,0,0,0,0,0,0,0,0,0,,5,0,0,0,0,0,0,0,0,0,0,0,0,0,0,0,0,0,0,0,0,0,0,0,,0,0,0,0,0,0,0,0,0,0,0,0,0,0,0,0,,10,0,0,5,0,0,0,0,5,0,,5,..,5,0,0,..,0,0,0,0,0,0,0,0,0,,0,0,0,0,0,0,0,0,0,0,0,0,,5,5,0,..,0,..,0,0,..,0,0,0,0,0,0,..,0,0,0,0,0,0,0,0,0,0,0,0,0,0,0,0,0,0,0,0,0,,5,0,0,0,5,0,0,0,0,0,0,0,0,0,0,0,0,0,0,0,,0,0,0,0,0,0,0,0,..,0,0,0,0,0,0,0,0
,Referrals,Number of referrals to the local authority child protection team,"1,395",,20,5,0,0,5,0,0,0,0,5,5,0,0,,120,5,5,5,0,5,15,5,0,5,10,5,10,10,0,0,5,0,0,5,0,0,15,10,,65,0,10,5,0,0,5,10,0,0,0,0,5,5,5,10,,50,0,5,0,0,5,15,5,5,0,,60,..,0,0,0,..,5,0,15,0,5,5,5,0,5,,40,5,5,0,5,5,0,5,10,0,10,0,,60,25,0,..,0,..,0,0,..,0,0,5,5,5,0,..,5,35,0,5,5,0,5,0,0,5,0,0,10,0,0,0,0,0,0,0,5,,135,5,0,15,10,35,0,25,5,0,0,5,10,10,0,5,0,5,0,0,,30,0,0,0,5,0,0,5,..,0,10,0,0,0,5,5,0
,Referrals,Number of Section 47 enquiries,745,,10,5,0,0,0,0,0,0,0,5,0,0,0,,90,5,5,0,0,0,5,0,0,0,10,0,10,10,0,0,0,0,0,5,0,0,15,10,,55,0,5,5,0,0,5,10,0,0,0,0,5,0,5,5,,45,0,5,0,0,5,10,5,5,0,,40,..,0,0,0,..,5,0,5,0,5,5,5,0,5,,30,5,5,0,5,5,0,5,10,0,0,0,,35,5,0,..,0,..,0,0,..,0,0,0,0,0,0,..,0,25,0,5,0,0,5,0,0,5,0,0,10,0,0,0,0,0,0,0,0,,85,5,0,10,5,15,0,25,0,0,0,5,5,5,0,5,0,0,0,0,,20,0,0,0,5,0,0,5,..,0,5,0,0,0,0,5,0
,,,,,,,,,,,,,,,,,,,,,,,,,,,,,,,,,,,,,,,,,,,,,,,,,,,,,,,,,,,,,,,,,,,,,,,,,,,,,,,,,,,,,,,,,,,,,,,,,,,,,,,,,,,,,,,,,,,,,,,,,,,,,,,,,,,,,,,,,,,,,,,,,,,,,,,,,,,,,,,,,,,,,,,,,,,,,,,,
,Physical restraint,Number of recorded incidents of physical restraint by foster carers,995,,10,0,0,0,0,0,5,0,0,0,5,0,0,,15,0,0,5,0,0,0,0,0,0,5,0,0,0,0,0,0,0,5,0,0,0,0,0,,55,0,0,0,0,0,0,5,5,35,5,5,0,0,0,0,,30,0,5,0,5,0,20,0,0,0,,25,..,0,0,0,..,0,0,5,0,0,0,5,0,15,,10,0,0,0,0,0,0,0,0,0,0,0,,10,0,0,..,0,..,0,0,..,0,0,0,0,0,0,..,0,10,5,0,5,0,0,0,0,0,0,0,0,0,0,0,0,0,0,0,0,,25,0,0,0,0,0,0,5,0,0,0,5,0,0,5,0,5,0,5,0,,65,0,0,0,5,5,0,25,..,0,5,0,15,0,5,5,0
,Physical Restraint,Number of CYP subject to restraint,645,,5,0,0,0,0,0,5,0,0,0,0,0,0,,15,0,0,0,0,0,0,0,0,0,5,0,0,0,0,0,0,0,5,0,0,0,0,0,,30,0,0,0,0,0,0,0,5,15,0,5,0,0,0,0,,15,0,5,0,5,0,5,0,0,0,,20,..,0,0,0,..,0,0,5,0,0,0,5,0,10,,5,0,0,0,0,0,0,0,0,0,0,0,,10,0,0,..,0,..,0,0,..,0,0,0,0,0,0,..,0,5,5,0,0,0,0,0,0,0,0,0,0,0,0,0,0,0,0,0,0,,15,0,0,0,0,0,0,5,0,0,0,0,0,0,5,0,0,0,5,0,,25,0,0,0,0,5,0,5,..,0,5,0,0,0,0,5,0
,Physical Restraint,Number of households that restrained CYP,540,,10,0,0,0,0,0,5,0,0,0,0,0,0,,10,0,0,0,0,0,0,0,0,0,5,0,0,0,0,0,0,0,0,0,0,0,0,0,,15,0,0,0,0,0,0,0,5,0,0,5,0,0,0,0,,10,0,5,0,5,0,0,0,0,0,,20,..,0,0,0,..,0,0,5,0,0,0,5,0,10,,10,0,0,0,5,5,0,0,0,0,0,0,,10,0,0,..,0,..,0,0,..,0,0,0,0,0,0,..,0,10,5,0,0,0,0,0,0,0,0,0,0,0,0,0,0,0,0,0,0,,20,0,0,0,0,0,0,5,0,0,0,0,0,0,5,0,10,0,0,0,,25,0,0,0,0,5,5,5,..,0,0,0,0,0,0,5,0
,,,,,,,,,,,,,,,,,,,,,,,,,,,,,,,,,,,,,,,,,,,,,,,,,,,,,,,,,,,,,,,,,,,,,,,,,,,,,,,,,,,,,,,,,,,,,,,,,,,,,,,,,,,,,,,,,,,,,,,,,,,,,,,,,,,,,,,,,,,,,,,,,,,,,,,,,,,,,,,,,,,,,,,,,,,,,,,,
,Complaints,CYP (complaints made),290,,5,0,0,0,0,0,0,0,0,0,0,0,0,,10,0,0,0,0,0,0,0,0,0,0,0,0,0,0,0,0,0,0,0,0,0,0,0,,10,0,0,0,0,0,0,0,0,0,0,0,0,0,0,0,,5,0,5,0,0,0,0,0,0,0,,20,..,0,0,0,..,0,0,0,0,5,0,5,0,0,,10,0,0,0,5,5,0,0,0,0,0,0,,20,5,0,..,0,..,0,0,..,0,0,0,0,0,0,..,0,15,0,0,0,0,0,0,0,0,0,0,0,0,0,0,0,0,5,5,0,,10,0,0,0,0,0,0,0,0,0,0,5,0,0,0,0,0,0,0,5,,10,0,0,0,0,5,0,0,..,0,0,0,0,0,0,0,0
,Complaints,CYP (complaints not upheld),130,,0,0,0,0,0,0,0,0,0,0,0,0,0,,5,0,0,0,0,0,0,0,0,0,0,0,0,0,0,0,0,0,0,0,0,0,0,0,,5,0,0,0,0,0,0,0,0,0,0,0,0,0,0,0,,5,0,0,0,0,0,0,0,0,0,,5,..,0,0,0,..,0,0,0,0,0,0,0,0,0,,0,0,0,0,0,0,0,0,0,0,0,0,,5,0,0,..,0,..,0,0,..,0,0,0,0,0,0,..,0,5,0,0,0,0,0,0,0,0,0,0,0,0,0,0,0,0,0,0,0,,5,0,0,0,0,0,0,0,0,0,0,0,0,0,0,0,0,0,0,0,,5,0,0,0,0,0,0,0,..,0,0,0,0,0,0,0,0
,Complaints,Foster carers (complaints made),445,,10,0,0,0,0,0,0,5,0,0,0,0,0,,55,0,5,0,0,0,0,5,0,0,0,5,10,0,0,5,0,0,0,0,0,0,5,5,,30,0,0,0,5,0,5,0,5,0,0,0,5,0,0,0,,20,0,0,0,5,5,5,0,0,0,,55,..,0,0,5,..,5,0,5,5,0,5,0,10,0,,25,0,5,0,5,0,0,15,0,0,0,0,,35,15,0,..,0,..,5,0,..,5,0,0,0,0,0,..,0,20,0,0,0,0,5,5,0,0,0,0,0,5,0,0,0,0,0,0,0,,35,0,0,5,0,5,0,5,5,0,0,5,0,0,5,0,0,0,0,0,,35,0,0,0,0,0,5,5,..,0,0,0,5,0,10,0,0
,Complaints,Foster carers (complaints not upheld),185,,5,0,0,0,0,0,0,0,0,0,0,0,0,,25,0,0,0,0,0,0,0,0,0,0,5,5,0,0,5,0,0,0,0,0,0,0,5,,5,0,0,0,0,0,0,0,0,0,0,0,0,0,0,0,,5,0,0,0,0,0,0,0,0,0,,10,..,0,0,0,..,0,0,0,0,0,0,0,0,0,,10,0,0,0,0,0,0,5,0,0,0,0,,20,10,0,..,0,..,0,0,..,5,0,0,0,0,0,..,0,10,0,0,0,0,0,5,0,0,0,0,0,0,0,0,0,0,0,0,0,,15,0,0,0,0,5,0,0,5,0,0,0,0,0,0,0,0,0,0,0,,10,0,0,0,0,0,0,5,..,0,0,0,0,0,5,0,0
,Complaints,CYP's social workers (complaints made),140,,0,0,0,0,0,0,0,0,0,0,0,0,0,,0,0,0,0,0,0,0,0,0,0,0,0,0,0,0,0,0,0,0,0,0,0,0,0,,0,0,0,0,0,0,0,0,0,0,0,0,0,0,0,0,,0,0,0,0,0,0,0,0,0,0,,0,..,0,0,0,..,0,0,0,0,0,0,0,0,0,,5,0,0,0,0,0,0,0,0,0,0,0,,5,5,0,..,0,..,0,0,..,0,0,0,0,0,0,..,0,0,0,0,0,0,0,0,0,0,0,0,0,0,0,0,0,0,0,0,0,,5,0,0,0,0,0,0,0,0,0,0,0,0,0,0,0,0,0,0,0,,5,0,0,0,0,5,0,0,..,0,0,0,0,0,0,0,0
,Complaints,CYP's social workers (complaints not upheld),70,,0,0,0,0,0,0,0,0,0,0,0,0,0,,0,0,0,0,0,0,0,0,0,0,0,0,0,0,0,0,0,0,0,0,0,0,0,0,,0,0,0,0,0,0,0,0,0,0,0,0,0,0,0,0,,0,0,0,0,0,0,0,0,0,0,,0,..,0,0,0,..,0,0,0,0,0,0,0,0,0,,0,0,0,0,0,0,0,0,0,0,0,0,,5,0,0,..,0,..,0,0,..,0,0,0,0,0,0,..,0,0,0,0,0,0,0,0,0,0,0,0,0,0,0,0,0,0,0,0,0,,0,0,0,0,0,0,0,0,0,0,0,0,0,0,0,0,0,0,0,0,,0,0,0,0,0,0,0,0,..,0,0,0,0,0,0,0,0
,Complaints,Other professionals (complaints made),160,,0,0,0,0,0,0,0,0,0,0,0,0,0,,20,0,0,0,0,0,0,0,0,0,0,0,10,0,0,0,0,0,0,0,0,0,5,0,,0,0,0,0,0,0,0,0,0,0,0,0,0,0,0,0,,0,0,0,0,0,0,0,0,0,0,,5,..,0,0,0,..,0,0,0,0,0,0,0,0,0,,0,0,0,0,0,0,0,0,0,0,0,0,,20,5,0,..,0,..,0,0,..,0,0,0,0,0,0,..,0,15,0,0,0,0,0,0,0,0,0,0,0,0,0,0,0,0,5,0,5,,5,0,0,0,0,0,0,0,0,0,0,0,0,0,0,0,0,0,0,0,,15,0,0,0,0,15,0,0,..,0,0,0,0,0,0,0,0
,Complaints,Other professionals (complaints not upheld),70,,0,0,0,0,0,0,0,0,0,0,0,0,0,,10,0,0,0,0,0,0,0,0,0,0,0,10,0,0,0,0,0,0,0,0,0,0,0,,0,0,0,0,0,0,0,0,0,0,0,0,0,0,0,0,,0,0,0,0,0,0,0,0,0,0,,0,..,0,0,0,..,0,0,0,0,0,0,0,0,0,,0,0,0,0,0,0,0,0,0,0,0,0,,10,5,0,..,0,..,0,0,..,0,0,0,0,0,0,..,0,5,0,0,0,0,0,0,0,0,0,0,0,0,0,0,0,0,5,0,0,,5,0,0,0,0,0,0,0,0,0,0,0,0,0,0,0,0,0,0,0,,0,0,0,0,0,0,0,0,..,0,0,0,0,0,0,0,0
,Complaints,CYP's parents (complaints made),190,,5,0,0,0,0,0,0,0,0,0,0,0,0,,20,0,0,0,0,0,0,0,0,0,0,0,0,0,0,5,0,0,0,0,5,0,0,0,,10,0,0,0,0,0,0,0,0,0,0,0,0,0,0,0,,10,0,0,0,0,0,0,0,0,0,,15,..,5,0,0,..,0,0,0,0,0,0,0,0,0,,10,0,0,0,0,0,0,5,0,0,0,0,,35,30,0,..,0,..,15,5,..,0,0,0,10,0,0,..,0,5,0,0,0,0,0,0,0,0,0,0,0,0,0,0,0,0,0,0,0,,30,0,0,0,0,20,0,0,0,0,0,0,0,0,0,0,0,0,0,0,,5,0,0,0,0,0,0,0,..,0,0,0,0,0,0,0,0
,Complaints,CYP's parents (complaints not upheld),90,,0,0,0,0,0,0,0,0,0,0,0,0,0,,10,0,0,0,0,0,0,0,0,0,0,0,0,0,0,0,0,0,0,0,0,0,0,0,,5,0,0,0,0,0,0,0,0,0,0,0,0,0,0,0,,5,0,0,0,0,0,0,0,0,0,,10,..,0,0,0,..,0,0,0,0,0,0,0,0,0,,5,0,0,0,0,0,0,5,0,0,0,0,,15,15,0,..,0,..,5,0,..,0,0,0,5,0,0,..,0,5,0,0,0,0,0,0,0,0,0,0,0,0,0,0,0,0,0,0,0,,10,0,0,0,0,10,0,0,0,0,0,0,0,0,0,0,0,0,0,0,,0,0,0,0,0,0,0,0,..,0,0,0,0,0,0,0,0
,Complaints,Others (complaints made),215,,5,0,0,0,0,0,0,0,0,0,0,0,0,,25,0,0,0,0,0,0,0,0,0,5,0,0,0,0,5,5,0,0,0,0,5,0,0,,20,0,0,0,0,0,5,0,5,0,0,0,0,5,5,5,,0,0,0,0,0,0,0,0,0,0,,25,..,5,10,0,..,0,5,0,0,0,0,0,0,0,,20,0,0,0,0,0,0,15,0,0,0,0,,15,10,0,..,0,..,5,0,..,0,0,0,5,0,0,..,0,5,0,0,0,0,0,0,0,0,0,0,0,0,0,0,0,0,0,0,0,,20,0,0,0,0,0,0,0,0,0,5,0,0,0,0,5,0,0,0,0,,10,0,0,0,0,0,0,0,..,0,0,0,0,0,0,0,5
,Complaints,Others (complaints not upheld),95,,5,0,0,0,0,0,0,0,0,0,0,0,0,,10,0,0,0,0,0,0,0,0,0,0,0,0,0,0,0,0,0,0,0,0,5,0,0,,5,0,0,0,0,0,0,0,0,0,0,0,0,0,0,0,,0,0,0,0,0,0,0,0,0,0,,10,..,0,5,0,..,0,0,0,0,0,0,0,0,0,,5,0,0,0,0,0,0,5,0,0,0,0,,5,5,0,..,0,..,0,0,..,0,0,0,0,0,0,..,0,5,0,0,0,0,0,0,0,0,0,0,0,0,0,0,0,0,0,0,0,,10,0,0,0,0,0,0,0,0,0,0,0,0,0,0,0,0,0,0,0,,5,0,0,0,0,0,0,0,..,0,0,0,0,0,0,0,0
,Complaints,Total complaints (complaints made),"1,435",,25,0,0,0,0,0,5,10,0,0,0,0,0,,130,0,5,5,5,5,5,5,0,0,5,5,20,0,5,20,5,0,0,5,10,5,10,10,,70,0,5,5,5,0,10,5,10,5,0,5,5,5,5,5,,35,5,5,0,10,5,5,0,0,0,,120,..,10,10,5,..,5,5,10,10,10,5,10,10,5,,70,5,5,0,5,10,5,35,5,0,0,5,,135,70,0,..,5,..,25,5,..,10,5,0,20,0,0,..,0,65,0,5,0,0,5,10,0,5,0,0,0,5,0,5,0,5,10,5,10,,100,0,0,10,5,25,0,5,5,5,5,15,0,5,5,10,5,0,0,5,,80,0,0,0,0,25,5,5,..,0,5,5,5,0,15,0,5
,Complaints,Total complaints (complaints not upheld),630,,15,0,0,0,0,0,5,5,0,0,0,0,0,,60,0,5,0,0,0,0,0,0,0,0,5,15,0,5,10,0,0,0,5,0,5,0,5,,20,0,0,0,5,0,0,0,5,0,0,0,0,0,0,0,,10,5,0,0,0,0,0,0,0,0,,40,..,5,5,0,..,0,0,5,5,0,0,5,0,5,,20,0,0,0,0,0,0,15,0,0,0,0,,65,35,0,..,0,..,10,5,..,5,5,0,10,0,0,..,0,30,0,0,0,0,5,10,0,5,0,0,0,0,0,0,0,0,5,0,0,,45,0,0,0,5,15,0,0,5,5,0,5,0,0,0,0,0,0,0,0,,25,0,0,0,0,5,0,5,..,0,0,0,0,0,5,0,0
,,,,,,,,,,,,,,,,,,,,,,,,,,,,,,,,,,,,,,,,,,,,,,,,,,,,,,,,,,,,,,,,,,,,,,,,,,,,,,,,,,,,,,,,,,,,,,,,,,,,,,,,,,,,,,,,,,,,,,,,,,,,,,,,,,,,,,,,,,,,,,,,,,,,,,,,,,,,,,,,,,,,,,,,,,,,,,,,
,""" This data was previously collected and presented for mainstream households only. We are no longer able to split the data on deregistrations by household type.",,,,,,,,,,,,,,,,,,,,,,,,,,,,,,,,,,,,,,,,,,,,,,,,,,,,,,,,,,,,,,,,,,,,,,,,,,,,,,,,,,,,,,,,,,,,,,,,,,,,,,,,,,,,,,,,,,,,,,,,,,,,,,,,,,,,,,,,,,,,,,,,,,,,,,,,,,,,,,,,,,,,,,,,,,,,,,,
,"° A number of households had exemptions in place which allowed them to accommodate more children than they were approved for. As a result a slightly larger number of places were reported as filled, vacant or unavailable than the number of approved places. ",,,,,,,,,,,,,,,,,,,,,,,,,,,,,,,,,,,,,,,,,,,,,,,,,,,,,,,,,,,,,,,,,,,,,,,,,,,,,,,,,,,,,,,,,,,,,,,,,,,,,,,,,,,,,,,,,,,,,,,,,,,,,,,,,,,,,,,,,,,,,,,,,,,,,,,,,,,,,,,,,,,,,,,,,,,,,,,
,? A small number of IFAs submitted data on brothers and sisters when they should not have done so. We have therefore discounted this data from these tables,,,,,,,,,,,,,,,,,,,,,,,,,,,,,,,,,,,,,,,,,,,,,,,,,,,,,,,,,,,,,,,,,,,,,,,,,,,,,,,,,,,,,,,,,,,,,,,,,,,,,,,,,,,,,,,,,,,,,,,,,,,,,,,,,,,,,,,,,,,,,,,,,,,,,,,,,,,,,,,,,,,,,,,,,,,,,,,
,"~ In 2014-15 and 2015-16, data was collected on family and friends households and on 'connected person' households separately. From 2016-17 onwards, data on both household types was collected together as family and friends. Households approved in year have been classified as family and friends households if their primary placement offer is reported as family and friends.",,,,,,,,,,,,,,,,,,,,,,,,,,,,,,,,,,,,,,,,,,,,,,,,,,,,,,,,,,,,,,,,,,,,,,,,,,,,,,,,,,,,,,,,,,,,,,,,,,,,,,,,,,,,,,,,,,,,,,,,,,,,,,,,,,,,,,,,,,,,,,,,,,,,,,,,,,,,,,,,,,,,,,,,,,,,,,,
,,,,,,,,,,,,,,,,,,,,,,,,,,,,,,,,,,,,,,,,,,,,,,,,,,,,,,,,,,,,,,,,,,,,,,,,,,,,,,,,,,,,,,,,,,,,,,,,,,,,,,,,,,,,,,,,,,,,,,,,,,,,,,,,,,,,,,,,,,,,,,,,,,,,,,,,,,,,,,,,,,,,,,,,,,,,,,,,
,? Deregistered shared care households have been excluded where the household type at deregistration has been supplied.,,,,,,,,,,,,,,,,,,,,,,,,,,,,,,,,,,,,,,,,,,,,,,,,,,,,,,,,,,,,,,,,,,,,,,,,,,,,,,,,,,,,,,,,,,,,,,,,,,,,,,,,,,,,,,,,,,,,,,,,,,,,,,,,,,,,,,,,,,,,,,,,,,,,,,,,,,,,,,,,,,,,,,,,,,,,,,,
,"* Data on TSD standards has previously been presented by household type. In 2018-19, this data is presented for all carers, by status of their TSD standards. This reflects the way in which the data is collected.",,,,,,,,,,,,,,,,,,,,,,,,,,,,,,,,,,,,,,,,,,,,,,,,,,,,,,,,,,,,,,,,,,,,,,,,,,,,,,,,,,,,,,,,,,,,,,,,,,,,,,,,,,,,,,,,,,,,,,,,,,,,,,,,,,,,,,,,,,,,,,,,,,,,,,,,,,,,,,,,,,,,,,,,,,,,,,,
,^ One agency reported an unusually high number of IRM referrals in 2018 to 2019. This data has been excluded from the national figure.,,,,,,,,,,,,,,,,,,,,,,,,,,,,,,,,,,,,,,,,,,,,,,,,,,,,,,,,,,,,,,,,,,,,,,,,,,,,,,,,,,,,,,,,,,,,,,,,,,,,,,,,,,,,,,,,,,,,,,,,,,,,,,,,,,,,,,,,,,,,,,,,,,,,,,,,,,,,,,,,,,,,,,,,,,,,,,,
,** Recruitment outcomes data relates to those applications received in-year only.,,,,,,,,,,,,,,,,,,,,,,,,,,,,,,,,,,,,,,,,,,,,,,,,,,,,,,,,,,,,,,,,,,,,,,,,,,,,,,,,,,,,,,,,,,,,,,,,,,,,,,,,,,,,,,,,,,,,,,,,,,,,,,,,,,,,,,,,,,,,,,,,,,,,,,,,,,,,,,,,,,,,,,,,,,,,,,,
,,,,,,,,,,,,,,,,,,,,,,,,,,,,,,,,,,,,,,,,,,,,,,,,,,,,,,,,,,,,,,,,,,,,,,,,,,,,,,,,,,,,,,,,,,,,,,,,,,,,,,,,,,,,,,,,,,,,,,,,,,,,,,,,,,,,,,,,,,,,,,,,,,,,,,,,,,,,,,,,,,,,,,,,,,,,,,,,
,,,,,,,,,,,,,,,,,,,,,,,,,,,,,,,,,,,,,,,,,,,,,,,,,,,,,,,,,,,,,,,,,,,,,,,,,,,,,,,,,,,,,,,,,,,,,,,,,,,,,,,,,,,,,,,,,,,,,,,,,,,,,,,,,,,,,,,,,,,,,,,,,,,,,,,,,,,,,,,,,,,,,,,,,,,,,,,,
,,,,,,,,,,,,,,,,,,,,,,,,,,,,,,,,,,,,,,,,,,,,,,,,,,,,,,,,,,,,,,,,,,,,,,,,,,,,,,,,,,,,,,,,,,,,,,,,,,,,,,,,,,,,,,,,,,,,,,,,,,,,,,,,,,,,,,,,,,,,,,,,,,,,,,,,,,,,,,,,,,,,,,,,,,,,,,,,
,,,,,,,,,,,,,,,,,,,,,,,,,,,,,,,,,,,,,,,,,,,,,,,,,,,,,,,,,,,,,,,,,,,,,,,,,,,,,,,,,,,,,,,,,,,,,,,,,,,,,,,,,,,,,,,,,,,,,,,,,,,,,,,,,,,,,,,,,,,,,,,,,,,,,,,,,,,,,,,,,,,,,,,,,,,,,,,,
,,,,,,,,,,,,,,,,,,,,,,,,,,,,,,,,,,,,,,,,,,,,,,,,,,,,,,,,,,,,,,,,,,,,,,,,,,,,,,,,,,,,,,,,,,,,,,,,,,,,,,,,,,,,,,,,,,,,,,,,,,,,,,,,,,,,,,,,,,,,,,,,,,,,,,,,,,,,,,,,,,,,,,,,,,,,,,,,
,,,,,,,,,,,,,,,,,,,,,,,,,,,,,,,,,,,,,,,,,,,,,,,,,,,,,,,,,,,,,,,,,,,,,,,,,,,,,,,,,,,,,,,,,,,,,,,,,,,,,,,,,,,,,,,,,,,,,,,,,,,,,,,,,,,,,,,,,,,,,,,,,,,,,,,,,,,,,,,,,,,,,,,,,,,,,,,,
,,,,,,,,,,,,,,,,,,,,,,,,,,,,,,,,,,,,,,,,,,,,,,,,,,,,,,,,,,,,,,,,,,,,,,,,,,,,,,,,,,,,,,,,,,,,,,,,,,,,,,,,,,,,,,,,,,,,,,,,,,,,,,,,,,,,,,,,,,,,,,,,,,,,,,,,,,,,,,,,,,,,,,,,,,,,,,,,
,,,,,,,,,,,,,,,,,,,,,,,,,,,,,,,,,,,,,,,,,,,,,,,,,,,,,,,,,,,,,,,,,,,,,,,,,,,,,,,,,,,,,,,,,,,,,,,,,,,,,,,,,,,,,,,,,,,,,,,,,,,,,,,,,,,,,,,,,,,,,,,,,,,,,,,,,,,,,,,,,,,,,,,,,,,,,,,,
,,,,,,,,,,,,,,,,,,,,,,,,,,,,,,,,,,,,,,,,,,,,,,,,,,,,,,,,,,,,,,,,,,,,,,,,,,,,,,,,,,,,,,,,,,,,,,,,,,,,,,,,,,,,,,,,,,,,,,,,,,,,,,,,,,,,,,,,,,,,,,,,,,,,,,,,,,,,,,,,,,,,,,,,,,,,,,,,
,,,,,,,,,,,,,,,,,,,,,,,,,,,,,,,,,,,,,,,,,,,,,,,,,,,,,,,,,,,,,,,,,,,,,,,,,,,,,,,,,,,,,,,,,,,,,,,,,,,,,,,,,,,,,,,,,,,,,,,,,,,,,,,,,,,,,,,,,,,,,,,,,,,,,,,,,,,,,,,,,,,,,,,,,,,,,,,,
,,,,,,,,,,,,,,,,,,,,,,,,,,,,,,,,,,,,,,,,,,,,,,,,,,,,,,,,,,,,,,,,,,,,,,,,,,,,,,,,,,,,,,,,,,,,,,,,,,,,,,,,,,,,,,,,,,,,,,,,,,,,,,,,,,,,,,,,,,,,,,,,,,,,,,,,,,,,,,,,,,,,,,,,,,,,,,,,
,,,,,,,,,,,,,,,,,,,,,,,,,,,,,,,,,,,,,,,,,,,,,,,,,,,,,,,,,,,,,,,,,,,,,,,,,,,,,,,,,,,,,,,,,,,,,,,,,,,,,,,,,,,,,,,,,,,,,,,,,,,,,,,,,,,,,,,,,,,,,,,,,,,,,,,,,,,,,,,,,,,,,,,,,,,,,,,,
