CC,England,North East,Darlington,Durham,Gateshead,Hartlepool,Middlesbrough,Newcastle upon Tyne,North Tyneside,Northumberland,Redcar and Cleveland,South Tyneside,Stockton-on-Tees,Sunderland,North West,Blackburn with Darwen,Blackpool,Bolton,Bury,Cheshire East,Cheshire West and Chester,Cumbria,Halton,Knowsley,Lancashire,Liverpool,Manchester,Oldham,Rochdale,Salford,Sefton,St. Helens,Stockport,Tameside,Trafford,Warrington,Wigan,Wirral,Yorkshire and The Humber,Barnsley,Bradford,Calderdale,Doncaster,East Riding of Yorkshire,Kingston Upon Hull,Kirklees,Leeds,North East Lincolnshire,North Lincolnshire,North Yorkshire,Rotherham,Sheffield,Wakefield,York,East Midlands ,Derby,Derbyshire,Leicester,Leicestershire,Lincolnshire,Northamptonshire,Nottingham,Nottinghamshire,Rutland,West Midlands,Birmingham,Coventry,Dudley,Herefordshire,Sandwell,Shropshire,Solihull,Staffordshire,Stoke-on-Trent,Telford and Wrekin,Walsall,Warwickshire,Wolverhampton,Worcestershire,East of England,Bedford Borough,Cambridgeshire,Central Bedfordshire,Essex,Hertfordshire,Luton,Norfolk,Peterborough,Southend-on-Sea,Suffolk,Thurrock,London,Inner London,Camden,City of London,Hackney,Hammersmith and Fulham,Haringey,Islington,Kensington and Chelsea,Lambeth,Lewisham,Newham,Southwark,Tower Hamlets,Wandsworth,Westminster,London Tri-borough,Outer London,Barking and Dagenham,Barnet,Bexley,Brent,Bromley,Croydon,Ealing,Enfield,Greenwich,Harrow,Havering,Hillingdon,Hounslow,Kingston upon Thames,Merton,Redbridge,Richmond Upon Thames,Sutton,Waltham Forest,South East,Bracknell Forest,Brighton and Hove,Buckinghamshire,East Sussex,Hampshire,Isle of Wight,Kent,Medway,Milton Keynes,Oxfordshire,Portsmouth,Reading,Slough,Southampton,Surrey,West Berkshire,West Sussex,Windsor and Maidenhead,Wokingham,South West,Bath and North East Somerset,Bournemouth,Bristol,Cornwall,Devon,Dorset,Gloucestershire,Isles of Scilly,North Somerset,Plymouth,Poole,Somerset,South Gloucestershire,Swindon,Torbay,Wiltshire
Number of children/young people in placements (at 31 March),53040,2910,85,515,315,180,155,350,195,230,125,155,245,365,6565,170,280,370,170,230,245,270,90,140,655,475,480,320,270,325,235,195,205,285,200,220,255,475,4475,165,560,165,215,185,485,295,830,245,170,310,190,310,230,125,2480,100,315,405,235,460,365,215,375,20,4385,675,260,325,210,285,190,190,475,305,170,310,375,270,345,2975,95,225,120,520,480,145,435,165,180,485,125,3670,1420,80,..,125,..,155,160,..,125,..,145,205,115,90,..,225,2250,225,125,140,130,145,335,125,135,150,70,110,80,110,45,75,40,50,80,75,4865,65,145,125,350,780,115,995,225,220,285,255,80,75,250,415,85,300,45,50,2820,60,105,330,270,360,195,300,..,120,185,95,220,105,115,170,190
Number of disabled children/young people (at 31 March),4610,160,0,10,5,15,5,65,5,15,10,15,5,10,500,5,10,35,20,20,5,15,5,10,70,15,40,20,15,60,25,10,30,10,10,15,25,35,335,10,45,10,15,10,55,15,50,15,15,35,25,25,15,5,305,20,50,50,10,85,35,20,35,0,310,70,15,25,25,10,10,25,45,20,20,15,15,10,10,340,0,50,5,40,35,10,90,20,20,70,0,235,105,5,..,20,..,5,10,..,0,..,15,20,5,15,..,10,130,15,10,10,5,0,20,0,10,5,0,5,5,15,5,10,0,5,0,5,395,5,10,10,45,95,10,85,15,20,5,15,5,5,15,30,5,15,5,10,240,0,0,20,20,50,10,25,..,10,40,5,25,10,10,5,5
White (at 31 March),40475,2710,80,505,285,170,140,295,190,220,115,135,230,350,5655,155,265,300,135,215,235,255,90,135,590,385,290,230,220,265,225,190,175,245,165,210,225,445,3690,160,375,145,205,170,450,220,635,230,150,280,155,210,190,110,2005,70,280,255,190,430,290,145,320,20,3345,370,180,270,200,175,170,135,435,245,155,225,320,155,310,2375,50,185,95,415,375,70,375,125,165,430,90,1380,360,30,..,40,..,45,60,..,15,..,30,60,20,20,..,40,1025,120,50,90,25,85,135,25,55,75,30,70,35,50,35,35,15,25,50,20,4025,55,110,90,315,710,105,845,205,150,215,205,50,55,205,335,75,230,35,40,2405,50,90,215,250,320,185,230,..,105,160,85,205,90,90,155,170
Mixed (at 31 March),5015,80,0,10,10,0,15,10,0,5,10,5,10,10,430,5,15,25,20,5,5,10,0,5,35,45,100,35,25,10,5,5,20,10,20,5,15,15,405,5,100,5,10,5,15,50,110,5,5,15,15,45,10,10,285,20,25,70,30,25,35,40,35,0,575,145,45,45,5,65,5,30,25,25,15,60,30,50,30,295,25,30,10,45,60,35,25,20,5,25,15,665,280,15,..,25,..,15,40,..,35,..,15,30,25,30,..,50,390,35,30,15,20,30,40,30,15,35,15,10,10,15,5,10,10,15,15,25,400,5,20,20,20,30,0,60,15,25,35,20,20,10,20,50,5,25,5,0,205,5,5,60,15,15,10,40,..,10,5,10,5,0,10,10,5
Asian/Asian British (at 31 March),2455,35,0,0,5,0,0,15,0,0,0,5,0,0,175,10,0,10,10,0,5,0,0,0,25,10,35,25,20,5,0,0,5,15,5,0,5,5,125,0,45,0,0,0,5,15,15,5,5,5,10,10,5,0,70,5,0,40,5,5,5,5,5,0,150,55,10,5,0,20,0,5,10,15,0,10,5,10,5,80,0,5,10,5,10,25,5,5,0,10,5,365,140,5,..,5,..,5,5,..,5,..,40,15,40,5,..,15,225,20,10,5,15,5,50,30,0,5,5,10,10,20,0,5,10,5,5,5,125,5,5,5,0,20,0,20,0,15,10,0,5,5,5,15,0,10,5,5,50,0,5,10,0,10,0,10,..,5,0,0,0,0,5,0,0
Black/Black British (at 31 March),3490,45,5,0,10,5,5,10,0,0,0,5,5,5,180,0,0,20,5,0,0,5,0,0,5,25,45,20,5,20,0,0,5,10,15,0,0,5,105,0,10,0,0,0,0,5,55,0,0,0,5,25,5,0,75,5,0,30,5,0,15,15,5,0,185,70,15,5,0,25,0,5,0,10,0,10,10,35,0,130,15,0,5,25,25,15,10,10,5,20,10,980,525,20,..,50,..,80,40,..,65,..,45,85,20,25,..,90,455,40,25,25,30,20,95,35,40,25,15,15,15,20,0,15,5,5,10,20,160,5,0,5,5,15,0,30,0,30,15,5,5,5,10,10,5,10,0,5,70,0,0,30,5,5,0,15,..,5,0,0,5,0,5,0,0
Other ethnic groups (at 31 March),1240,30,0,0,0,0,0,20,5,0,0,0,0,0,80,5,0,10,5,0,0,0,0,0,5,0,5,0,5,20,5,0,0,0,0,0,5,0,105,0,5,10,5,5,15,5,15,0,10,10,0,10,15,0,35,0,5,5,5,0,5,5,10,0,70,20,10,0,0,5,0,5,5,0,0,0,10,10,0,70,0,5,0,25,10,5,10,0,5,5,5,245,105,5,..,5,..,10,5,..,5,..,15,20,5,0,..,35,140,5,15,5,20,5,15,5,20,10,0,5,5,10,0,10,0,5,0,5,115,0,5,0,5,0,0,40,0,5,10,20,0,0,5,5,5,10,0,5,55,5,0,15,0,10,0,5,..,0,0,0,0,0,0,0,15
Not known (at 31 March),370,5,0,0,0,0,0,0,0,5,0,0,0,0,45,0,0,10,0,0,0,0,0,0,0,10,0,10,0,5,0,0,0,0,0,0,0,0,45,0,25,0,0,0,0,0,0,0,0,0,5,10,5,0,20,0,5,5,0,0,15,0,0,0,60,10,0,0,0,0,5,15,0,10,0,5,0,15,0,25,0,0,0,0,0,0,20,0,0,0,0,30,10,0,..,0,..,0,5,..,0,..,0,0,0,0,..,0,20,0,0,0,20,0,0,0,0,0,0,0,0,0,0,0,0,0,0,0,40,0,0,0,5,5,0,0,0,5,5,0,0,0,0,0,0,15,0,0,35,0,0,0,0,5,0,0,..,0,10,0,0,10,0,0,0
Number of CYP considered to be at risk of CSE,3090,95,5,5,5,5,5,15,5,20,5,5,5,25,215,5,10,20,5,5,15,10,0,5,5,15,20,25,5,0,0,0,15,5,20,5,5,15,160,0,20,5,5,5,0,15,40,5,5,30,10,10,0,5,70,5,25,0,5,10,15,5,5,0,215,30,10,10,0,20,5,15,5,0,0,5,45,5,55,205,5,15,5,5,15,15,25,0,25,35,65,255,100,5,..,10,..,5,10,..,0,..,15,5,25,10,..,20,155,5,10,15,10,15,35,5,10,5,0,5,10,5,5,5,0,5,0,15,500,15,5,0,5,120,20,190,5,5,25,35,0,5,0,35,5,20,0,5,255,5,5,15,55,40,15,30,..,15,15,15,20,15,5,0,5
Number of CYP considered to be subject to CSE,835,30,5,0,0,0,5,0,0,0,0,0,0,20,95,0,5,0,0,5,5,10,0,0,0,0,10,10,10,0,0,0,10,0,10,5,5,0,30,0,0,0,0,5,0,10,0,5,0,0,5,5,0,0,15,0,0,0,5,5,0,5,0,0,70,10,5,0,10,5,0,5,0,0,0,0,20,5,10,30,0,0,0,0,5,5,0,0,0,10,5,115,50,0,..,10,..,5,0,..,5,..,10,0,10,0,..,5,70,5,10,5,10,0,15,0,0,0,5,5,5,0,5,0,0,0,0,10,105,0,0,0,0,40,0,15,0,0,0,0,0,0,15,20,0,0,5,0,75,0,0,15,20,10,0,20,..,0,0,0,0,5,5,0,0
Number of children/young people who went missing while living with foster carers,6835,245,10,10,40,20,5,45,30,35,15,10,10,20,585,15,25,35,25,25,25,20,5,15,20,35,65,35,30,10,20,20,15,25,30,10,15,60,435,15,35,5,20,30,20,20,90,15,35,65,25,35,10,15,210,5,20,30,35,20,40,10,50,0,325,35,25,25,10,15,20,5,30,5,15,35,70,15,20,360,10,35,5,70,75,30,15,25,30,40,30,655,270,10,..,20,..,40,20,..,15,15,20,40,40,15,..,40,385,15,25,30,10,25,110,20,10,25,10,20,10,15,10,5,5,10,5,25,755,25,15,15,20,165,30,210,25,25,35,55,10,10,25,45,15,30,5,10,425,10,10,55,65,40,35,15,..,35,20,20,40,20,30,15,15
Number of instances children/young people went missing while living with foster carers,30615,1290,25,15,245,90,55,230,300,135,55,50,30,60,2695,80,50,180,70,115,65,55,25,60,35,185,285,160,80,10,45,210,80,125,270,55,55,410,2125,55,70,20,60,175,55,110,350,80,235,500,200,100,30,85,1210,10,120,345,160,85,175,75,230,0,1465,75,120,140,25,190,60,10,90,10,40,245,320,90,40,1715,20,205,15,185,365,115,50,65,85,265,350,3850,1610,60,..,120,..,290,65,..,95,105,30,170,520,60,..,90,2240,45,235,165,20,190,890,125,40,80,25,95,55,60,35,30,15,50,5,85,3725,115,55,70,55,985,425,990,100,110,90,255,35,15,65,95,70,140,20,35,2200,20,30,235,360,340,120,50,..,155,105,275,90,80,230,85,25
Less than 24 hours,3125,120,5,5,15,10,5,30,15,10,10,5,10,5,265,5,10,20,20,20,10,15,0,5,10,10,20,10,10,5,10,10,0,10,15,5,10,25,240,5,20,5,10,15,10,10,55,10,15,40,10,20,5,10,100,0,15,15,15,20,15,5,10,0,135,15,0,10,5,0,10,5,15,5,10,10,35,5,15,210,0,20,0,35,70,10,10,20,10,25,10,155,65,0,..,5,..,0,10,..,0,5,10,10,5,5,..,10,90,0,0,5,5,0,30,10,0,5,0,5,0,5,5,0,0,5,0,5,345,15,0,5,5,75,5,90,10,20,25,20,5,5,15,30,5,5,0,5,170,5,5,20,30,10,10,5,..,10,10,10,20,5,10,5,10
One to six days,2285,95,5,5,25,10,0,15,10,15,0,0,0,10,210,5,10,10,5,5,10,0,0,5,5,15,25,20,5,0,10,5,5,10,10,5,5,25,135,5,10,0,5,10,10,5,30,5,15,20,5,10,0,5,80,0,5,10,10,0,15,5,30,0,115,10,10,10,5,5,5,0,10,0,5,15,25,10,5,100,5,10,5,25,5,10,0,5,15,10,5,255,105,0,..,5,..,25,10,..,10,0,10,15,10,5,..,20,145,0,15,15,5,5,30,5,5,10,5,10,10,5,0,0,5,5,5,10,220,10,10,5,10,45,10,60,5,0,5,20,5,5,10,5,5,10,5,5,160,5,10,25,5,15,25,5,..,15,5,5,20,15,10,10,0
One week to 28 days,955,25,0,0,5,0,0,5,5,5,0,0,0,5,90,5,0,5,0,0,0,0,0,5,0,5,15,5,15,0,0,5,5,0,5,5,0,10,45,0,0,0,5,5,0,0,5,0,5,10,5,5,0,0,25,0,0,5,5,0,5,0,5,0,50,5,10,5,0,5,5,0,0,0,0,5,10,5,0,40,0,5,0,5,0,5,0,0,5,5,10,160,65,5,..,0,..,15,0,..,5,5,0,5,10,5,..,5,100,10,5,10,0,10,30,5,5,5,0,0,0,0,0,0,0,5,0,5,130,0,5,0,0,30,5,55,5,0,0,10,0,0,0,5,0,0,0,0,65,5,0,5,15,10,5,0,..,5,5,5,5,0,5,0,0
Longer than 28 days,470,10,0,0,0,0,0,0,5,0,0,0,0,0,20,0,0,0,0,0,0,0,0,0,0,0,5,0,0,0,0,5,0,0,5,0,0,0,15,0,0,0,0,5,0,0,0,0,0,0,0,0,0,0,10,0,0,0,0,0,5,0,5,0,25,0,5,0,0,5,0,0,0,0,0,5,5,0,0,15,0,5,0,5,0,0,0,0,0,0,5,85,40,0,..,5,..,0,0,..,0,0,0,5,15,0,..,5,50,0,5,0,0,5,20,0,0,0,0,0,0,0,0,0,0,0,0,0,65,0,0,0,0,20,10,10,0,0,0,5,0,0,0,0,5,15,0,0,25,0,0,5,15,0,0,0,..,0,0,0,0,0,0,0,0
Bullying,35,0,0,0,0,0,0,0,0,0,0,0,0,0,5,0,0,5,0,0,0,0,0,0,0,0,0,0,0,0,0,0,0,0,0,0,0,0,5,0,0,0,0,0,0,0,0,0,0,0,0,0,0,0,5,0,0,0,0,0,0,0,0,0,0,0,0,0,0,0,0,0,0,0,0,0,0,0,0,5,0,0,0,0,0,0,0,0,0,0,0,0,0,0,..,0,..,0,0,..,0,0,0,0,0,0,..,0,0,0,0,0,0,0,0,0,0,0,0,0,0,0,0,0,0,0,0,0,5,0,0,0,0,5,0,0,0,0,0,0,0,0,0,0,0,0,0,0,0,0,0,0,0,0,0,0,..,0,0,0,0,0,0,0,0
Involvement in offending behaviour,120,0,0,0,0,0,0,0,0,0,0,0,0,0,15,0,0,0,0,0,0,0,0,0,0,0,5,0,0,0,0,5,0,0,0,0,0,0,5,0,0,0,0,0,0,0,0,0,0,0,0,0,0,0,0,0,0,0,0,0,0,0,0,0,10,0,0,0,0,5,0,0,0,0,0,0,0,0,0,0,0,0,0,0,0,0,0,0,0,0,0,15,10,0,..,0,..,0,0,..,0,0,0,5,5,0,..,0,5,5,0,0,0,0,0,0,0,0,0,0,0,0,0,0,0,0,0,0,15,0,0,0,0,5,0,5,0,0,0,5,0,0,0,0,0,0,0,0,5,0,0,0,0,0,0,0,..,0,0,0,0,0,0,0,0
Substance misuse,140,5,0,0,0,0,0,0,0,0,0,0,0,5,20,0,0,0,0,0,0,0,0,0,0,0,10,0,0,0,0,0,5,0,0,0,0,0,10,0,0,0,0,0,0,0,5,0,0,0,0,0,0,0,5,0,0,0,0,0,0,0,0,0,15,0,0,0,0,5,0,0,0,0,0,0,5,0,0,5,0,0,0,0,0,0,0,0,5,0,0,5,5,0,..,0,..,0,0,..,0,0,0,0,0,0,..,0,0,0,0,0,0,0,0,0,0,0,0,0,0,0,0,0,0,0,0,0,25,0,0,0,0,5,0,10,0,0,0,5,0,0,0,0,0,0,0,0,20,0,0,0,0,5,0,0,..,0,5,0,0,0,0,0,0
Contact with family or friends,3595,125,5,10,35,15,5,10,0,15,10,5,10,10,260,0,20,15,5,15,15,10,5,0,5,20,35,5,20,5,15,10,5,10,20,5,5,10,205,15,20,5,0,10,5,10,50,15,15,15,10,30,0,0,95,5,15,10,15,5,15,10,20,0,165,25,15,5,10,0,10,0,25,0,5,15,30,5,10,110,0,30,0,30,20,5,5,0,15,10,5,240,105,5,..,0,..,0,5,..,0,0,15,30,15,5,..,30,130,5,5,10,5,15,0,10,0,20,10,15,5,0,5,5,0,5,5,10,395,20,0,10,10,110,30,100,25,0,20,30,0,5,0,25,0,0,5,10,150,5,0,5,25,20,20,5,..,25,0,5,10,10,0,5,10
Alleged abuse within the foster home,20,0,0,0,0,0,0,0,0,0,0,0,0,0,0,0,0,0,0,0,0,0,0,0,0,0,0,0,0,0,0,0,0,0,0,0,0,0,0,0,0,0,0,0,0,0,0,0,0,0,0,0,0,0,0,0,0,0,0,0,0,0,0,0,0,0,0,0,0,0,0,0,0,0,0,0,0,0,0,0,0,0,0,0,0,0,0,0,0,0,0,0,0,0,..,0,..,0,0,..,0,0,0,0,0,0,..,0,0,0,0,0,0,0,0,0,0,0,0,0,0,0,0,0,0,0,0,0,0,0,0,0,0,0,0,0,0,0,0,0,0,0,0,0,0,0,0,0,0,0,0,0,0,0,0,0,..,0,0,0,0,0,0,0,0
Because they are an asylum seeker,100,0,0,0,0,0,0,0,0,0,0,0,0,0,10,0,0,0,0,0,0,0,0,0,0,0,0,0,10,0,0,0,0,0,0,0,0,0,0,0,0,0,0,0,0,0,0,0,0,0,0,0,0,0,0,0,0,0,0,0,0,0,0,0,5,0,0,0,0,0,0,0,0,0,0,0,5,0,0,5,0,0,0,0,0,0,0,0,0,0,0,5,5,0,..,0,..,0,0,..,0,0,0,0,0,0,..,5,0,0,0,0,0,0,0,0,0,0,0,0,0,0,0,0,0,0,0,0,20,0,0,0,0,10,0,0,0,0,0,5,0,0,0,5,0,0,0,0,0,0,0,0,0,0,0,0,..,0,0,0,0,0,0,0,0
Suspected sexual exploitation,265,5,0,0,0,0,0,0,0,0,0,0,0,5,10,0,0,0,0,0,0,0,0,0,0,0,5,5,0,0,0,0,0,0,0,0,0,0,30,0,0,0,0,5,0,0,5,0,0,0,10,0,0,0,0,0,0,0,0,0,0,0,0,0,10,0,0,0,0,5,0,0,0,0,0,0,5,0,0,20,0,0,0,5,0,0,0,0,10,0,0,40,20,5,..,5,..,0,0,..,0,0,0,0,10,0,..,0,20,0,5,0,0,0,0,0,5,0,0,0,5,0,0,0,0,0,0,5,20,0,0,0,0,10,0,5,0,0,0,0,0,0,0,5,0,0,0,0,10,5,0,0,0,0,0,0,..,0,0,0,0,5,0,0,0
Any other known reason,1365,30,0,0,5,0,5,10,0,5,0,5,0,0,125,0,0,10,10,10,5,5,0,0,10,10,10,15,0,0,0,0,5,5,0,5,0,15,120,0,15,0,15,10,0,5,15,5,10,30,0,5,10,5,50,0,0,15,10,5,10,0,15,0,80,10,5,0,0,0,0,5,0,5,5,5,25,10,5,90,5,5,5,25,20,0,5,0,0,25,5,175,40,0,..,15,..,0,0,..,0,5,5,5,0,10,..,0,135,5,0,5,5,5,95,5,0,5,0,0,0,0,5,5,0,0,0,0,130,5,0,5,5,15,0,60,0,0,10,5,5,0,5,5,15,0,0,0,160,5,10,20,35,0,0,0,..,5,10,15,25,5,30,5,5
Reason unknown,1200,75,0,0,5,5,0,25,30,15,0,0,0,0,135,15,0,5,5,5,0,0,0,15,0,5,5,10,0,0,5,5,0,10,10,0,5,35,60,0,0,0,5,0,10,5,10,0,5,20,0,0,0,5,55,0,5,5,5,10,15,0,15,0,40,0,5,20,0,0,5,0,0,0,0,10,0,0,0,125,0,0,0,15,30,20,0,25,0,10,20,170,85,0,..,0,..,35,15,..,15,0,0,0,10,0,..,0,85,0,15,15,0,0,20,5,0,0,0,0,0,15,0,0,5,0,0,10,140,0,15,0,0,5,0,35,0,25,5,0,5,0,20,5,0,30,0,0,80,0,0,30,0,15,15,5,..,0,5,0,5,0,0,5,0
Number of return home interviews conducted,12800,865,25,15,100,75,40,145,230,60,45,40,30,55,1490,10,40,160,40,85,25,35,25,45,30,160,195,105,5,10,25,160,60,80,50,50,50,50,1155,10,40,0,15,130,10,45,80,75,180,320,95,100,15,35,580,10,110,95,90,40,70,20,140,0,725,35,60,70,25,45,55,10,45,5,35,95,140,90,15,775,10,190,10,25,130,10,30,30,30,225,95,1495,490,15,..,10,..,15,15,..,30,25,15,70,185,45,..,65,1005,20,..,15,10,120,575,80,30,10,15,25,10,35,5,10,10,10,5,15,1695,75,..,5,40,200,135,580,65,75,90,195,5,5,30,50,50,60,15,15,1305,0,15,150,145,330,50,25,..,135,40,125,40,15,175,45,20
Number of missing children/young people with no return home interview,2965,35,0,0,10,0,0,5,5,15,0,0,0,0,175,5,5,0,5,10,10,5,0,5,5,5,0,10,30,0,10,5,0,5,15,5,5,40,135,10,15,5,10,5,10,5,55,0,5,10,5,0,0,0,55,0,10,5,5,10,15,0,15,0,90,10,10,10,0,5,5,0,10,5,0,10,20,0,10,160,5,0,0,55,35,25,0,10,10,5,10,250,115,0,..,15,..,35,10,..,5,5,10,15,10,0,..,5,135,5,..,20,5,0,20,5,0,15,0,5,5,0,5,5,0,5,0,10,240,0,..,10,5,100,5,30,0,5,0,10,5,5,15,10,0,15,0,5,130,10,5,10,30,5,15,5,..,0,0,10,15,10,5,0,0
Number of children experiencing unplanned endings,6240,170,15,30,25,..,0,15,20,20,10,20,15,..,675,0,25,10,35,35,35,30,15,20,10,25,110,25,65,35,40,0,25,30,45,15,25,15,410,40,60,10,5,25,40,20,40,10,45,55,10,25,..,25,280,10,25,30,5,50,15,..,140,0,275,25,30,60,..,..,0,25,30,30,20,0,15,..,40,360,..,10,10,145,50,20,35,..,35,20,35,325,125,0,..,15,..,10,5,..,0,..,5,15,45,0,..,25,200,0,..,30,5,35,15,20,10,25,0,10,0,..,10,10,0,5,..,30,650,25,..,5,30,85,15,200,40,80,70,30,0,10,15,10,15,5,5,5,425,15,10,90,80,40,15,10,..,25,55,5,45,5,10,5,20
Number of children experiencing placement moves within 24 hours of unplanned ending notification,1565,65,5,15,20,..,0,0,5,5,5,0,10,..,115,0,15,0,0,5,10,5,0,0,5,0,15,5,15,15,0,0,5,10,0,5,0,5,55,0,0,0,5,0,0,5,0,5,15,10,10,5,..,5,165,0,0,10,5,35,5,..,115,0,65,10,10,15,..,..,0,0,0,20,5,0,10,..,0,65,..,10,0,0,35,5,0,..,0,0,10,90,55,0,..,10,..,5,0,..,0,..,5,5,10,0,..,10,40,0,..,10,0,0,0,5,10,5,0,5,0,..,0,0,0,0,..,0,140,10,..,5,15,30,5,10,0,5,30,15,0,0,15,0,0,0,5,5,80,5,5,0,25,10,0,10,..,0,0,5,5,0,5,0,10
Transferred to LA fostering placement,2930,35,0,0,0,0,0,35,0,0,0,0,0,0,5,0,0,0,0,0,0,0,0,0,0,0,5,0,0,0,0,0,0,0,0,0,0,0,15,0,15,0,0,0,0,0,0,0,0,0,0,0,..,0,5,0,0,0,0,0,5,0,0,0,0,0,0,0,0,0,0,0,0,0,0,0,0,0,0,0,0,0,0,0,0,0,0,0,0,0,0,5,5,0,..,0,..,0,0,..,..,..,5,0,0,0,..,0,0,0,0,0,0,0,0,0,0,0,0,0,0,0,0,0,0,0,0,0,5,0,0,0,0,0,0,0,0,0,0,0,0,0,0,0,0,0,0,0,0,0,0,0,0,0,0,0,..,0,0,0,0,0,0,0,0
Transferred to IFA fostering placement,3350,135,15,35,0,5,5,10,0,5,15,15,10,10,355,10,25,15,15,20,20,30,10,5,0,20,35,15,25,10,5,5,10,30,5,5,5,30,155,10,20,5,0,15,15,15,15,0,0,0,40,20,..,5,170,30,35,0,25,10,55,20,0,0,400,85,20,10,0,20,15,20,50,15,20,30,20,65,30,195,5,30,25,55,20,20,0,0,10,15,20,305,105,5,..,10,..,5,10,..,..,..,5,35,0,15,..,15,200,10,0,0,10,0,90,5,10,15,0,10,5,5,15,0,0,10,5,15,405,10,0,0,0,105,15,55,20,10,50,20,0,15,15,60,5,20,5,0,200,10,5,20,15,20,30,0,..,10,25,0,35,0,15,10,0
"Transferred to other type of looked after placement (e.g. children's home, adoption)",6895,495,15,90,50,25,25,25,25,70,25,20,45,80,975,35,55,50,40,45,35,55,15,25,0,80,85,55,40,50,70,15,45,35,30,15,15,85,585,35,80,30,50,30,40,40,85,10,30,35,70,30,..,25,355,30,50,30,85,75,60,15,15,0,650,120,50,45,5,40,25,20,55,45,35,60,75,0,80,415,20,35,10,105,70,30,75,0,25,25,15,490,195,10,..,10,..,20,20,..,..,..,5,30,40,10,..,50,295,20,30,25,15,35,0,15,25,35,15,10,10,15,0,15,0,5,0,20,885,20,80,10,0,170,20,225,30,5,55,55,0,15,65,40,10,60,10,5,470,15,5,20,95,80,45,10,..,30,25,20,55,25,5,15,20
No longer looked after,10935,910,30,205,80,25,25,115,85,50,25,35,50,180,1120,55,85,70,40,50,55,70,5,30,65,35,130,85,45,30,45,0,50,40,55,0,15,70,670,30,55,20,55,20,105,60,35,45,45,65,15,105,..,20,650,40,75,60,35,185,80,70,100,10,650,15,70,65,0,30,25,45,90,25,45,70,65,45,65,620,35,10,20,110,160,55,60,0,65,40,65,1260,550,15,..,35,..,90,40,..,..,..,65,110,65,35,..,95,710,5,15,35,20,50,80,50,25,75,75,50,60,35,20,20,10,25,10,40,1240,25,45,80,40,135,25,270,60,35,85,50,20,30,65,110,40,95,15,15,735,5,40,60,60,100,80,15,..,30,75,20,90,40,40,35,40
Staying put,1695,70,0,10,20,5,5,15,0,5,5,0,5,0,140,0,5,5,5,0,10,10,0,5,0,10,15,5,5,10,5,0,20,10,0,0,0,20,120,5,15,0,0,10,10,10,25,0,5,15,0,20,..,0,40,0,0,10,0,25,5,0,0,0,95,15,10,10,0,5,5,5,15,5,0,0,10,0,10,100,5,10,0,10,45,10,0,0,0,10,5,160,85,5,..,15,..,0,25,..,..,..,15,0,15,0,..,10,75,0,0,5,0,10,0,5,5,15,0,5,5,0,0,10,5,5,0,0,215,5,15,5,5,25,10,55,15,5,10,10,0,0,5,25,0,25,5,0,125,0,10,20,10,30,10,0,..,0,10,0,15,0,5,5,0
Not staying put,1735,55,0,0,5,10,0,5,10,5,0,5,0,10,80,5,0,5,0,5,0,0,0,0,20,5,5,5,5,0,0,0,0,5,0,0,0,10,95,0,5,5,5,5,10,0,20,5,0,10,10,5,..,15,65,10,0,10,10,5,0,0,30,0,40,5,0,5,0,5,0,0,0,0,0,0,15,0,5,50,0,5,0,30,5,0,5,0,0,5,5,190,45,0,..,5,..,0,0,..,..,..,15,0,5,0,..,20,150,0,15,0,10,5,75,0,5,5,5,0,5,10,5,5,5,0,0,5,105,0,0,5,0,20,5,25,5,5,5,5,0,0,5,10,0,5,0,5,85,5,0,10,5,10,15,0,..,0,0,0,0,10,0,5,30
Reason unknown,1810,5,0,0,0,0,0,5,0,0,0,0,0,0,60,0,0,0,0,0,0,0,0,0,0,0,20,0,0,0,0,0,0,0,0,40,0,0,110,0,0,0,0,0,0,0,95,5,0,10,0,0,..,0,45,5,0,0,0,0,0,0,35,0,245,235,0,0,0,0,0,0,0,0,0,0,0,10,0,205,0,70,0,0,0,0,30,105,0,0,0,20,10,0,..,0,..,0,0,..,..,..,5,0,0,0,..,5,10,0,0,0,10,0,0,0,0,0,0,0,0,0,0,0,0,0,0,0,20,0,0,0,5,0,0,0,0,10,0,0,0,0,0,0,0,0,0,10,35,0,10,0,0,0,0,0,..,0,0,5,0,0,0,5,15
Number of young people in foster care who became 18,3435,125,0,10,25,10,5,25,10,10,5,5,5,10,220,5,5,15,5,5,15,10,0,5,20,15,20,5,10,10,10,0,20,15,0,0,5,30,215,5,20,5,5,15,20,10,45,5,5,25,10,25,..,15,105,10,5,15,10,30,5,0,30,0,135,25,10,20,0,10,5,5,15,5,5,0,25,0,15,150,5,15,0,40,50,10,5,0,0,15,10,350,120,10,..,20,..,0,25,..,..,..,30,0,20,0,..,30,220,0,15,10,10,10,75,10,10,15,5,5,10,10,5,10,10,5,0,5,320,5,15,10,5,45,15,80,20,10,20,15,0,0,10,35,0,30,5,10,210,5,10,30,15,40,25,0,..,0,10,0,15,10,10,5,30
Number of young people in foster care who became 18 and remained living with their former foster carer,1695,70,0,10,20,5,5,15,0,5,5,0,5,0,140,0,5,5,5,0,10,10,0,5,0,10,15,5,5,10,5,0,20,10,0,0,0,20,120,5,15,0,0,10,10,10,25,0,5,15,0,20,..,0,40,0,0,10,0,25,5,0,0,0,95,15,10,10,0,5,5,5,15,5,0,0,10,0,10,100,5,10,0,10,45,10,0,0,0,10,5,160,75,5,..,15,..,0,25,..,..,..,15,0,15,0,..,10,75,0,0,5,0,10,0,5,5,15,0,5,5,0,0,10,5,5,0,0,215,5,15,5,5,25,10,55,15,5,10,10,0,0,5,25,0,25,5,0,125,0,10,20,10,30,10,0,..,0,10,0,15,0,5,5,0
Groups assessed,4965,475,20,95,25,20,25,60,50,20,25,20,45,65,1035,5,45,25,15,30,35,35,30,30,110,70,115,115,35,25,25,10,30,45,70,30,35,75,555,25,45,10,15,35,100,45,105,15,35,40,50,35,0,10,280,30,100,45,..,25,70,5,..,0,575,0,50,0,10,0,45,30,70,130,20,35,40,65,75,375,10,35,10,55,80,30,35,5,15,75,20,635,270,5,..,35,..,35,20,..,10,..,15,105,25,0,..,20,365,20,0,20,10,45,65,25,20,25,35,20,0,5,15,15,15,10,20,0,580,15,10,15,15,105,25,110,30,..,40,25,5,35,55,35,5,45,5,5,455,5,5,25,45,110,20,90,..,10,15,15,45,10,45,15,..
Siblings assessed,12950,1125,45,230,55,60,60,135,125,55,60,45,110,155,2705,20,125,55,30,70,95,80,80,65,250,205,395,270,90,75,65,20,75,120,175,85,75,180,1450,70,115,25,25,100,285,105,285,30,75,100,125,95,0,25,890,70,205,100,..,55,160,15,..,5,1580,0,130,0,35,0,120,90,270,360,70,80,95,160,175,875,20,90,30,130,180,85,80,10,35,170,50,1605,675,10,..,90,..,75,50,..,30,..,40,285,50,0,..,45,930,60,0,55,30,115,160,65,50,65,80,50,0,10,35,40,40,20,50,5,1440,40,20,45,35,255,60,275,80,..,85,70,10,80,140,105,25,90,20,15,1285,20,15,55,135,415,55,205,..,25,40,30,110,25,110,45,..
Groups placed to plan,4275,425,20,80,20,20,20,45,45,20,25,20,45,65,910,5,45,20,10,25,30,35,25,25,95,70,105,105,35,25,20,5,25,40,50,25,30,60,505,25,35,10,15,25,100,45,100,10,30,40,50,20,0,10,260,25,100,45,..,25,65,0,..,0,415,0,50,0,10,0,45,25,55,40,15,35,35,30,75,295,10,15,10,45,50,30,35,5,15,60,20,595,260,5,..,35,..,30,20,..,10,..,15,105,20,0,..,20,335,20,0,20,10,45,60,20,15,20,35,15,0,5,15,10,15,10,20,0,480,15,10,15,15,85,0,95,15,..,40,20,5,35,50,25,5,35,5,5,395,5,5,10,45,100,20,80,..,5,15,15,40,10,35,15,..
Siblings placed to plan,10800,980,35,180,45,60,40,105,115,45,60,45,105,150,2305,10,120,50,20,50,90,75,75,55,215,200,340,255,80,65,45,15,55,105,130,55,60,130,1280,70,90,20,25,55,280,100,260,25,70,100,120,45,0,25,810,65,200,100,..,55,140,0,..,5,995,0,130,0,35,0,105,65,135,85,40,80,85,70,170,690,20,40,30,105,120,80,75,10,25,135,50,1475,650,10,..,90,..,65,50,..,30,..,35,280,45,0,..,45,825,55,0,50,25,105,150,50,35,55,75,40,0,10,35,30,40,20,45,5,1145,40,20,40,30,190,10,220,40,..,85,55,10,80,140,55,25,75,20,15,1115,20,15,25,135,390,45,170,..,10,35,30,100,20,80,45,..
Groups NOT placed to plan,690,50,0,15,5,0,5,10,5,0,0,0,5,0,125,0,0,0,5,5,5,0,0,5,10,0,15,5,5,0,5,0,5,5,20,5,5,15,55,0,10,0,0,15,0,0,5,0,0,0,0,15,0,0,15,5,5,0,..,0,5,5,..,0,160,0,0,0,0,0,5,5,15,90,5,0,5,35,0,80,0,20,0,15,30,0,0,0,5,15,0,40,5,0,..,0,..,5,0,..,0,..,0,0,0,0,..,0,35,0,0,0,5,0,5,0,5,5,0,5,0,0,0,5,0,0,5,0,100,0,0,0,0,20,20,15,15,..,0,5,0,0,0,10,0,10,0,0,60,0,0,15,0,10,5,10,..,5,5,0,5,0,10,0,..
Siblings NOT placed to plan,2150,145,5,50,10,0,15,25,10,10,0,5,5,0,400,10,5,10,5,20,5,5,0,5,35,5,55,15,10,10,25,5,20,15,45,30,10,50,170,0,25,5,0,45,5,5,25,0,5,0,0,50,0,0,80,10,5,0,..,0,20,15,..,0,585,0,0,0,0,0,10,25,135,275,30,0,10,90,5,180,0,45,0,25,60,5,5,0,5,35,5,130,25,0,..,0,..,10,0,..,0,..,5,5,5,0,..,0,105,5,0,5,10,10,10,10,15,10,5,10,0,0,0,10,5,0,5,0,290,0,0,5,0,65,50,50,40,..,0,10,0,0,5,45,0,15,0,0,170,0,0,30,5,25,10,35,..,15,5,0,15,5,25,0,..
X,2150,,,,,,,,,,,,,,,,,,,,,,,,,,,,,,,,,,,,,,,,,,,,,,,,,,,,,,,,,,,,,,,,,,,,,,,,,,,,,,,,,,,,,,,,,,,,,,,,,,,,,,,,,,,,,,,,,,,,,,,,,,,,,,,,,,,,,,,,,,,,,,,,,,,,,,,,,,,,,,,,,,,,
Total approved carers ,73530,3560,135,595,370,230,225,350,270,290,150,215,310,420,7945,210,260,425,230,285,325,370,125,190,795,585,515,335,310,415,270,255,300,345,295,250,350,505,6125,245,725,190,285,255,605,400,1170,245,220,555,300,455,285,190,3395,205,405,395,345,610,535,315,545,40,5645,785,365,415,250,325,250,250,670,430,225,385,490,345,460,4420,140,320,175,785,780,235,675,265,185,685,175,5265,2160,110,..,175,..,215,210,..,130,175,180,310,200,150,..,305,3105,250,165,220,160,215,355,190,200,180,110,160,145,185,75,105,85,80,100,125,7225,105,300,205,490,975,160,1325,320,310,505,385,160,105,395,685,155,495,75,75,4485,90,165,450,485,530,345,525,..,165,270,180,430,155,210,195,290
White,61430,3480,135,590,365,220,215,325,265,290,150,210,310,405,7400,180,255,395,210,280,320,360,125,110,750,550,420,300,285,380,270,255,285,320,265,245,345,495,5620,240,580,185,280,220,595,335,1060,240,215,545,290,395,280,160,2970,175,395,290,200,600,490,260,520,40,4820,530,310,385,220,170,250,210,650,410,215,335,475,220,440,3920,125,290,155,735,660,145,590,225,175,670,150,2320,690,45,..,60,..,50,95,..,30,60,35,135,45,55,..,80,1630,135,95,185,30,170,115,50,65,105,40,130,85,90,75,50,25,65,80,40,6615,100,280,180,435,910,160,1255,305,240,460,365,125,70,375,585,150,480,70,70,4175,85,160,335,480,525,315,500,..,165,240,170,430,140,175,170,285
Mixed,905,5,0,0,0,0,0,0,5,0,0,0,0,0,55,0,0,5,0,0,0,0,0,0,5,5,20,0,0,0,0,0,5,0,5,0,5,5,55,5,15,0,5,0,0,5,15,0,0,0,5,5,0,0,45,0,5,15,5,0,10,5,5,0,70,25,0,5,0,5,0,5,5,5,5,5,0,5,5,25,5,0,0,5,5,5,5,0,0,0,0,135,75,10,..,15,..,5,15,..,0,0,0,10,5,5,..,10,60,5,10,5,10,5,15,0,0,0,0,0,0,5,0,5,0,0,0,0,75,0,5,10,5,5,0,25,0,5,10,0,0,0,0,5,0,5,0,0,35,0,0,5,5,5,0,10,..,0,5,0,0,5,0,0,0
Asian/Asian British,3675,25,0,0,0,0,5,15,0,0,0,5,0,0,180,25,0,20,5,0,0,0,0,0,20,0,30,25,20,5,0,0,5,20,5,0,0,0,230,0,105,5,0,0,5,50,40,5,5,0,5,10,0,0,85,0,5,55,5,0,10,5,5,0,250,100,25,5,0,45,0,15,5,15,0,15,0,20,5,100,5,0,5,5,30,45,0,5,0,0,5,595,255,10,..,5,..,15,15,..,10,10,55,5,105,15,..,10,340,35,15,10,25,0,35,45,5,15,20,5,15,50,0,5,25,5,0,30,145,0,5,10,5,5,0,25,0,15,10,5,5,25,0,25,0,5,5,0,20,0,5,5,0,0,0,10,..,0,0,0,0,0,0,0,0
Black/Black British,5540,5,0,0,0,0,0,5,0,0,0,0,0,0,115,0,0,5,5,0,0,0,0,0,5,20,35,5,0,10,0,0,5,5,20,0,0,0,85,0,10,0,0,0,0,5,40,0,5,0,0,20,5,0,115,10,0,30,0,5,25,35,10,0,275,120,20,5,0,40,0,10,10,0,0,25,5,35,5,165,5,5,10,15,50,40,5,0,5,10,20,1995,1025,45,..,90,..,120,80,..,90,75,85,155,40,70,..,175,970,75,40,20,85,35,185,90,85,55,40,25,40,40,0,35,35,10,15,60,120,0,5,10,0,5,0,20,5,15,15,5,10,10,10,5,0,0,0,5,45,5,0,30,0,0,0,5,..,0,0,0,0,0,5,0,0
Other ethnic groups,565,5,0,0,0,5,0,0,0,0,0,0,0,0,30,0,0,0,5,0,0,0,0,0,5,5,5,0,0,10,0,0,0,0,0,0,0,0,20,0,5,0,0,0,0,0,5,0,0,5,0,5,0,0,15,0,0,10,0,0,5,0,0,0,20,5,5,5,0,0,0,0,0,5,0,0,0,0,0,35,0,5,0,5,15,0,5,0,5,0,0,120,40,0,..,0,..,5,5,..,0,0,0,10,5,0,..,15,80,0,0,0,0,5,10,5,45,5,5,5,0,0,0,0,0,0,0,0,35,0,5,0,0,5,0,5,5,0,5,5,5,0,0,0,0,0,0,0,5,0,0,5,0,0,0,0,..,0,0,0,0,0,0,0,0
Not known,1400,30,0,0,0,10,0,10,0,0,0,0,0,10,110,0,0,0,0,0,0,5,0,80,15,5,0,0,0,5,0,0,0,0,0,0,0,0,250,0,10,0,0,35,5,0,5,0,0,0,0,20,0,25,165,15,0,0,135,0,0,10,5,0,175,0,0,5,30,65,0,10,0,0,0,0,0,65,0,170,0,20,0,20,20,5,75,30,0,0,0,85,75,0,..,0,..,20,0,..,0,30,0,0,0,5,..,10,20,0,5,0,5,0,0,0,0,0,5,0,0,5,0,0,0,0,0,0,225,0,0,0,45,45,0,0,5,30,5,5,15,0,0,65,0,5,0,5,190,0,0,65,0,0,30,0,..,0,25,10,0,10,25,25,0
Number of individual foster carers who have completed the TSD Standards,48440,2095,45,405,235,140,170,200,170,175,90,150,190,125,4165,130,175,280,100,150,190,245,105,105,485,100,270,230,195,220,130,110,190,170,75,120,225,165,3855,145,400,130,180,180,325,245,655,170,165,370,220,340,215,115,2110,145,335,130,185,395,285,190,420,25,3165,570,175,195,140,180,120,125,405,260,140,200,320,160,175,2690,100,175,140,630,490,100,345,125,65,420,100,3480,1370,80,..,85,..,140,115,..,55,135,150,145,145,125,..,195,2110,170,135,165,70,140,250,125,140,130,60,95,105,155,30,75,65,50,65,85,4100,55,130,100,345,465,30,1005,220,20,285,160,80,50,265,370,80,335,55,50,2735,60,115,275,350,360,145,280,..,90,200,75,255,95,135,115,185
Number of individual foster carers who have completed the TSD Standards for family and friends carers,2080,145,0,5,25,10,0,5,25,25,5,5,35,5,530,10,15,45,15,25,25,10,0,10,25,10,35,30,20,40,20,25,20,50,15,35,15,35,305,0,45,10,5,20,35,20,85,15,0,55,0,0,10,5,125,5,5,10,15,55,10,0,15,10,335,25,0,45,15,10,0,20,55,25,20,30,20,25,45,140,5,0,15,40,30,10,5,5,0,25,5,145,80,5,..,10,..,20,5,..,0,5,5,5,0,25,..,0,65,0,10,5,5,0,15,0,5,0,0,10,0,5,5,5,0,0,0,0,155,5,0,5,10,40,5,5,5,0,35,0,0,0,5,30,0,10,0,0,205,5,30,60,25,5,5,0,..,0,25,0,5,5,10,10,20
Number of individual foster carers who have completed the TSD Standards for short breaks carers,1630,60,0,0,15,5,0,15,5,0,0,10,5,5,160,0,0,0,15,10,5,30,0,5,5,10,5,5,5,20,0,5,10,0,20,0,0,10,270,0,40,5,0,0,35,5,75,0,10,25,15,25,10,25,135,10,5,5,15,25,5,10,60,0,135,15,0,10,0,5,10,5,35,15,5,5,15,0,15,130,0,20,5,5,55,0,35,0,0,10,0,65,35,0,..,0,..,0,5,..,0,0,0,25,0,0,..,5,30,0,0,5,0,0,0,0,5,0,5,0,0,0,5,0,5,5,0,0,155,0,0,10,5,15,0,35,5,0,5,5,10,15,0,20,0,30,0,0,280,10,0,50,45,5,5,65,..,20,10,15,15,10,5,5,20
Total approved households,43475,2140,80,330,210,135,135,255,165,165,90,125,180,270,4665,115,160,250,135,170,185,210,70,115,440,360,340,195,175,235,155,155,170,200,185,145,195,305,3605,140,430,110,165,145,365,225,720,150,125,310,165,285,160,110,2185,120,400,265,190,340,315,195,340,20,3260,470,220,235,145,190,140,145,375,240,125,220,285,205,265,2585,80,185,95,450,460,140,385,175,115,395,105,3540,1550,80,..,130,..,165,155,..,95,120,120,220,125,115,..,225,1990,165,105,125,115,135,240,125,130,115,70,95,90,120,45,65,50,50,60,90,4130,60,175,120,285,560,95,725,175,180,300,220,100,65,225,390,90,280,40,45,2615,55,90,290,280,320,195,295,..,95,160,105,240,95,120,110,165
Permanent foster care,13595,500,10,115,65,5,35,75,40,25,0,45,55,30,1370,25,45,70,35,35,5,80,35,20,170,65,105,70,60,85,60,25,50,75,60,35,105,55,1195,40,175,55,115,100,10,70,190,55,25,90,40,80,80,70,410,60,0,70,10,65,30,5,165,5,610,105,45,40,15,20,45,20,100,0,35,35,30,115,5,840,15,50,20,40,110,25,280,95,30,135,40,770,220,20,..,45,..,0,25,..,0,25,25,50,0,5,..,25,550,35,5,50,10,30,220,15,20,40,15,15,10,0,5,0,40,15,5,20,780,20,0,15,105,155,20,195,30,25,60,45,20,5,0,15,25,20,15,10,685,30,15,105,5,135,5,80,..,30,65,35,60,10,5,30,75
Non-permanent foster care,19195,895,40,120,90,45,80,95,70,80,30,50,50,145,1650,55,70,115,35,70,110,65,30,55,200,140,85,65,70,45,30,45,60,35,25,65,70,110,1185,80,70,25,0,10,200,100,180,45,70,130,100,125,45,5,1050,35,295,85,105,150,180,150,40,10,1515,270,125,80,75,105,35,55,150,145,50,95,150,40,140,1045,50,95,45,320,260,50,0,5,65,115,40,1925,910,45,..,50,..,120,85,..,0,80,90,90,120,85,..,145,1015,105,90,45,80,75,5,0,90,50,45,60,70,115,20,50,0,25,40,50,2280,25,150,55,125,205,30,455,115,95,95,135,55,35,165,255,40,205,15,25,1055,5,45,75,170,85,115,105,..,25,55,40,100,50,85,55,45
Emergency,385,5,0,0,0,0,0,0,0,5,0,0,0,0,0,0,0,0,0,0,0,0,0,0,0,0,0,0,0,0,0,0,0,0,0,0,0,0,0,0,0,0,0,0,0,0,0,0,0,0,0,0,0,0,0,0,0,0,0,0,0,0,0,0,10,10,0,0,0,0,0,0,0,0,0,0,0,0,0,0,0,0,0,0,0,0,0,0,0,0,0,10,10,0,..,0,..,0,0,..,0,0,0,10,0,0,..,0,0,0,0,0,0,0,0,0,0,0,0,0,0,0,0,0,0,0,0,0,5,0,0,0,0,0,0,5,0,0,0,0,0,0,0,0,0,0,0,0,10,0,0,0,5,0,5,0,..,0,0,0,0,0,0,0,0
Family and Friends,6100,565,25,90,45,35,15,65,45,50,25,25,65,80,1395,25,40,60,45,50,60,45,5,35,65,140,130,55,35,85,65,75,35,80,80,45,20,120,800,10,150,25,45,30,120,40,180,45,15,55,5,40,25,15,395,10,25,95,65,85,70,15,25,5,940,65,50,95,40,60,55,60,95,85,35,80,65,50,105,390,10,25,15,40,35,35,70,25,20,95,20,500,225,10,..,30,..,35,35,..,5,10,10,25,0,25,..,40,275,20,10,15,25,25,15,25,10,20,10,20,15,5,15,10,5,10,5,15,710,15,25,35,35,175,30,25,25,55,75,20,10,10,50,85,15,10,5,10,400,5,25,55,35,45,45,30,..,20,20,15,30,20,15,15,25
Parent and child,355,5,0,0,0,0,0,0,0,0,0,0,0,5,5,0,0,0,0,0,0,0,0,0,0,0,0,0,0,0,0,0,0,0,0,0,0,5,15,0,0,0,0,0,5,0,10,0,0,0,0,0,0,0,5,0,0,0,0,5,0,0,0,0,5,0,0,0,0,0,0,0,0,0,0,0,5,0,0,0,0,0,0,0,0,0,0,0,0,0,0,5,0,0,..,0,..,0,0,..,0,0,0,0,0,0,..,0,5,0,0,5,0,0,0,0,0,0,0,0,0,0,0,0,0,0,0,0,50,0,0,0,5,0,0,10,5,0,0,0,0,0,0,5,0,25,0,0,45,0,0,0,5,15,5,5,..,0,0,0,10,5,0,0,0
Multi-dimensional treatment,650,5,0,0,0,5,0,0,0,0,0,0,0,0,5,0,0,0,0,0,0,0,0,0,0,0,5,0,0,0,0,0,0,0,0,0,0,0,0,0,0,0,0,0,0,0,0,0,0,0,0,0,0,0,55,0,55,0,0,0,0,0,0,0,15,0,0,10,5,0,0,0,0,0,0,0,0,0,0,5,0,0,0,0,0,5,0,0,0,0,0,0,0,0,..,0,..,0,0,..,0,0,0,0,0,0,..,0,0,0,0,0,0,0,0,0,0,0,0,0,0,0,0,0,0,0,0,0,0,0,0,0,0,0,0,0,0,0,0,0,0,0,0,0,0,0,0,0,25,0,0,10,0,0,5,0,..,0,0,0,10,0,0,0,0
Remand,25,0,0,0,0,0,0,0,0,0,0,0,0,0,0,0,0,0,0,0,0,0,0,0,0,0,0,0,0,0,0,0,0,0,0,0,0,0,0,0,0,0,0,0,0,0,0,0,0,0,0,0,0,0,10,0,0,0,0,5,5,0,0,0,0,0,0,0,0,0,0,0,0,0,0,0,0,0,0,0,0,0,0,0,0,0,0,0,0,0,0,0,0,0,..,0,..,0,0,..,0,0,0,0,0,0,..,0,0,0,0,0,0,0,0,0,0,0,0,0,0,0,0,0,0,0,0,0,0,0,0,0,0,0,0,0,0,0,0,0,0,0,0,0,0,0,0,0,0,0,0,0,0,0,0,0,..,0,0,0,0,0,0,0,0
Other,325,0,0,0,0,0,0,0,0,0,0,0,0,0,0,0,0,0,0,0,0,0,0,0,0,0,0,0,0,0,0,0,0,0,0,0,0,0,20,0,0,0,0,0,0,0,20,0,0,0,0,0,0,0,10,0,0,5,0,0,0,5,0,0,15,0,0,0,0,0,0,0,0,0,0,0,15,0,0,25,5,0,5,0,0,5,0,10,0,0,0,5,5,0,..,0,..,0,0,..,0,0,0,0,0,0,..,5,0,0,0,0,0,0,0,0,0,0,0,0,0,0,0,0,0,0,0,0,60,0,0,0,0,0,5,0,0,10,40,0,0,0,0,0,0,0,5,0,10,0,0,0,0,0,0,0,..,0,0,0,10,0,0,0,0
Fostering to adopt,365,10,0,0,0,0,5,0,0,5,0,0,0,0,20,0,0,0,0,0,5,5,0,0,0,10,0,0,0,0,0,0,0,0,0,0,0,0,30,5,0,0,5,0,0,10,5,0,0,0,5,0,0,0,30,0,10,0,0,10,5,0,5,0,15,0,0,0,0,0,0,5,5,0,0,0,5,0,0,75,0,0,0,20,5,5,10,35,0,0,0,30,25,0,..,0,..,5,0,..,5,0,0,10,0,5,..,0,5,0,0,5,0,0,0,0,0,0,0,0,0,0,0,0,0,0,0,0,25,0,0,0,5,0,0,5,0,0,0,0,0,0,5,10,0,0,0,0,65,5,0,5,5,5,0,25,..,0,5,0,10,0,0,0,5
Short breaks,1480,55,5,0,5,0,0,20,0,0,5,5,10,5,120,0,0,0,5,10,5,20,0,5,5,10,5,5,5,15,0,0,10,5,5,0,0,10,245,0,10,5,0,0,10,0,140,0,10,15,5,40,5,5,75,15,5,10,10,20,10,5,0,0,60,15,0,10,0,5,0,5,5,5,5,0,0,0,10,95,0,0,5,10,25,10,25,0,0,20,0,60,20,0,..,0,..,5,0,..,0,0,0,5,0,0,..,10,40,0,0,5,0,0,0,0,10,5,0,0,0,0,5,0,5,5,5,0,145,0,0,15,15,20,0,5,5,0,15,15,10,0,0,20,5,20,0,0,260,5,0,20,60,30,15,55,..,10,20,0,15,10,10,5,5
Shared care,680,20,0,0,10,0,0,0,5,0,0,0,0,5,55,5,0,0,5,5,0,0,0,0,0,0,5,0,0,0,0,5,15,0,15,0,0,0,90,0,25,0,0,0,20,5,0,0,0,15,10,0,5,10,130,0,10,0,0,0,20,5,95,0,65,0,0,0,0,0,5,5,25,10,0,5,10,0,5,105,0,15,5,20,30,10,0,0,0,25,0,35,35,0,..,0,..,0,5,..,0,0,0,30,0,0,..,0,0,0,0,0,0,0,0,0,0,0,0,0,0,0,0,0,0,0,0,0,45,0,0,0,0,0,0,20,0,0,10,0,0,10,0,0,5,0,0,0,80,10,0,25,0,0,0,0,..,10,0,15,0,0,5,5,10
Not known,125,0,0,0,0,0,0,0,0,0,0,0,0,0,5,0,0,0,0,0,0,0,0,0,5,0,0,0,0,0,0,0,0,0,0,0,0,0,0,0,0,0,0,0,0,0,0,0,0,0,0,0,0,0,0,0,0,0,0,0,0,0,0,0,0,0,0,0,0,0,0,0,0,0,0,0,0,0,0,5,0,0,0,0,0,0,0,5,0,0,0,80,80,0,..,0,..,0,0,..,80,0,0,0,0,0,..,0,0,0,0,0,0,0,0,0,0,0,0,0,0,0,0,0,0,0,0,0,0,0,0,0,0,0,0,0,0,0,0,0,0,0,0,0,0,0,0,0,0,0,0,0,0,0,0,0,..,0,0,0,0,0,0,0,0
Number of households with exemptions to the usual fostering limit in place at any time during the year,1480,65,0,15,10,5,5,15,5,5,0,0,5,0,205,5,20,20,0,5,10,5,0,0,5,0,15,30,5,10,20,0,20,5,0,5,10,15,130,5,10,5,..,5,30,0,30,10,10,10,10,5,0,0,80,5,5,10,5,35,5,15,0,0,100,10,5,10,0,10,10,5,10,15,5,5,10,..,5,75,0,20,0,10,0,0,0,..,20,20,5,75,10,0,..,0,..,..,0,..,0,0,5,0,0,0,..,5,65,5,0,5,0,0,25,5,5,15,0,..,0,5,0,0,0,0,..,0,230,0,..,0,10,75,10,60,10,5,5,0,0,5,20,5,5,10,5,5,115,5,5,5,15,5,5,20,..,0,10,0,0,0,15,20,10
Number of households approved for one CYP,14340,810,30,110,70,45,50,80,70,75,40,70,70,100,1580,35,25,75,60,75,70,60,25,35,45,165,140,50,55,100,60,90,55,90,90,35,45,100,1545,60,225,45,50,55,150,110,270,45,35,185,65,140,70,40,815,55,155,105,90,105,150,100,50,5,1480,210,120,115,45,70,65,55,195,135,50,105,110,90,115,1005,30,65,30,140,225,60,125,80,40,170,40,1615,815,35,..,75,..,85,105,..,55,55,50,90,80,70,..,115,800,35,40,40,55,50,80,70,55,45,25,45,50,40,25,25,15,30,20,55,1555,25,55,60,75,250,50,190,45,70,130,50,45,20,110,190,30,125,15,20,1090,20,45,140,110,125,80,110,..,50,50,55,120,40,55,35,55
Number of households approved for two CYP,15540,780,25,115,85,65,60,90,50,60,30,50,65,85,1495,45,10,95,45,60,75,75,25,45,15,130,120,60,80,100,55,50,60,60,60,15,95,120,1255,60,135,35,35,50,130,75,260,55,50,90,70,110,70,30,750,50,195,100,65,115,110,65,35,15,1160,175,70,85,45,75,55,65,120,85,45,80,90,80,90,990,35,75,50,175,170,55,140,50,60,145,35,1285,510,35,..,40,..,60,35,..,30,45,50,75,35,30,..,75,775,65,45,45,45,55,90,40,60,40,30,40,35,50,15,30,20,20,25,25,1550,20,65,35,105,175,25,290,75,75,120,105,45,30,70,135,50,100,15,15,970,25,25,90,100,140,75,110,..,25,60,25,90,35,50,45,75
Number of households approved for three CYP,12845,510,20,90,55,25,20,80,40,30,15,10,40,85,1475,40,110,75,25,30,35,75,25,30,370,55,70,85,40,35,35,15,45,45,25,90,50,70,725,25,65,30,75,30,75,35,175,40,35,30,25,35,15,35,550,15,55,50,30,115,55,25,205,0,555,85,25,30,45,35,15,25,55,25,25,30,75,25,60,525,15,35,20,125,65,20,110,25,15,70,25,590,210,10,..,10,..,20,10,..,10,20,20,55,10,15,..,30,380,65,20,35,10,25,65,10,10,30,15,5,10,25,10,10,15,5,10,5,955,15,50,15,100,115,15,240,55,30,50,60,10,15,40,65,10,55,10,5,520,10,15,55,60,55,40,70,..,15,55,20,30,15,15,30,35
Number of households approved for four or more CYP,755,40,0,5,5,5,5,0,5,5,0,0,5,5,115,0,15,0,5,5,5,5,0,0,5,10,10,5,0,5,5,5,5,5,10,0,5,10,60,0,5,0,5,5,10,5,15,5,5,5,0,0,0,0,70,0,0,5,5,5,0,5,50,0,50,0,5,5,5,5,0,0,5,0,0,5,5,10,5,65,0,10,0,10,5,0,10,20,5,5,0,30,15,0,..,0,..,5,0,..,0,0,0,5,0,0,..,5,15,0,0,5,0,0,5,0,0,0,0,0,0,0,0,0,0,0,5,0,70,0,0,5,5,20,5,5,5,5,0,5,5,0,5,5,0,0,0,0,30,0,0,5,10,0,0,5,..,5,0,0,5,0,0,0,0
Number of approved foster places,87120,4075,150,650,420,260,250,515,315,290,160,190,340,535,9495,240,440,500,245,300,350,455,140,225,1225,635,635,435,345,415,300,240,340,355,330,345,400,600,6545,250,710,210,370,280,665,385,1385,305,265,480,290,465,270,215,4260,200,705,490,325,700,540,320,945,35,5705,820,355,395,300,355,235,265,625,370,225,370,540,370,480,4845,150,360,185,910,775,240,780,335,215,700,195,6130,2535,135,..,195,..,270,215,..,140,200,215,415,185,185,..,380,3595,370,185,250,190,245,470,185,210,210,135,150,145,225,80,115,105,80,120,125,7775,110,350,200,595,1015,165,1505,365,335,525,455,175,120,385,660,165,495,80,75,4745,100,145,505,525,575,360,570,..,165,330,170,400,170,200,215,315
Number of filled places,53205,2915,85,515,315,180,155,350,195,230,125,155,245,365,6560,170,280,370,170,230,245,270,90,140,655,475,480,320,270,325,235,195,205,285,200,220,255,475,4480,165,560,165,215,185,485,295,830,245,170,310,190,310,230,125,2490,100,315,405,235,460,365,215,375,20,4385,675,260,325,210,285,190,190,475,305,170,310,375,270,345,2975,95,225,120,520,480,145,435,165,180,485,125,3840,1595,80,..,125,..,155,160,..,125,170,145,205,115,90,..,225,2245,225,125,140,130,145,335,125,135,150,70,110,80,110,45,75,40,50,80,75,4860,65,145,125,350,780,115,995,225,220,285,255,80,75,250,415,85,300,45,50,2820,60,105,330,270,360,195,300,..,120,185,95,220,105,115,170,190
Number of vacant places,17150,510,40,35,0,80,40,40,55,10,5,30,55,120,1690,70,15,65,30,10,60,135,15,55,505,145,55,35,10,40,50,20,30,30,125,35,90,65,790,45,25,20,45,50,20,90,120,60,45,50,65,85,25,45,1130,80,115,25,30,130,135,100,500,15,785,70,65,25,55,45,25,15,85,45,30,30,155,85,55,1010,40,80,35,225,75,95,155,170,35,65,35,1360,505,20,..,35,..,55,10,..,20,15,25,105,55,90,..,75,855,130,55,50,60,45,90,25,25,20,35,20,25,105,20,20,65,15,15,35,1265,25,105,25,85,80,15,200,75,35,125,75,100,25,40,75,60,75,20,25,1025,20,20,155,35,105,165,120,..,35,60,75,50,20,35,40,90
Number of places not available,15645,575,25,100,85,..,25,125,60,35,20,5,45,50,1170,0,145,75,30,40,40,45,40,25,65,10,95,85,65,50,15,20,85,30,0,90,60,60,1105,40,95,15,110,45,140,0,385,5,30,105,40,50,15,30,625,25,215,60,70,125,40,15,70,5,525,65,35,35,35,30,30,50,65,30,30,35,10,15,60,825,15,55,20,170,215,0,185,..,10,115,40,940,430,35,..,40,..,60,45,..,..,5,45,95,15,10,..,80,510,20,..,65,5,55,45,35,45,45,35,25,45,5,10,25,0,10,20,20,1590,20,100,45,155,155,40,315,65,80,115,100,0,20,95,115,20,130,15,5,720,20,20,25,110,105,0,110,..,10,95,5,100,15,50,15,40
Number of initial enquiries from new prospective fostering households,117335,1760,40,330,155,..,100,270,..,495,85,140,115,30,6275,230,150,85,200,145,270,340,170,120,995,435,780,130,390,240,315,70,250,155,140,245,175,245,4200,160,455,205,240,430,255,305,485,45,110,430,190,635,135,120,2865,180,600,315,585,225,395,420,125,20,3255,755,660,170,..,125,80,105,585,95,120,135,260,..,165,3930,285,525,110,755,755,140,370,260,230,310,190,4930,1955,80,..,..,..,45,185,..,100,0,..,140,265,255,..,885,2975,145,315,215,125,125,215,255,195,190,85,155,190,210,35,190,130,30,0,170,4645,115,205,190,595,645,..,605,350,390,150,195,165,200,170,320,65,155,35,95,2815,55,80,285,345,330,200,470,..,105,145,95,320,100,240,45,..
Number of applications approved,4920,140,5,25,15,0,15,15,10,15,10,10,10,10,435,5,10,15,10,20,15,10,5,5,110,40,25,10,5,10,10,5,20,15,15,25,25,25,275,25,25,5,10,20,15,20,50,5,5,55,15,15,10,0,155,5,35,15,15,15,30,25,15,0,200,15,35,20,5,10,10,5,20,5,15,15,10,20,15,170,5,20,10,25,25,5,25,10,10,20,15,275,120,5,..,20,..,10,10,..,10,0,15,15,10,10,..,15,155,10,5,10,10,15,10,10,20,10,5,15,5,10,0,5,0,5,5,5,335,5,20,10,15,40,15,50,20,15,30,15,5,15,15,25,5,25,5,5,195,5,10,15,15,20,10,25,..,5,10,5,20,10,10,10,25
Number of applications withdrawn by applicants+,2820,40,5,15,0,0,0,0,15,5,0,0,0,0,215,0,0,10,0,15,10,0,15,0,5,55,5,5,5,0,15,0,0,55,0,0,10,10,115,5,50,0,10,5,0,5,0,5,10,0,5,0,20,0,65,10,0,10,15,25,0,0,0,5,205,10,100,45,0,0,10,15,0,0,5,10,0,10,0,55,0,5,5,5,20,5,5,0,0,0,10,125,15,5,..,0,..,0,0,..,0,0,0,0,0,0,..,10,110,5,0,5,0,10,25,0,15,10,0,5,5,0,0,0,0,0,0,30,285,0,0,0,90,0,15,70,25,0,0,15,10,10,0,15,5,30,0,0,155,0,5,10,0,25,0,15,..,0,0,15,20,10,30,10,15
Number of applications withdrawn by services+,2445,5,0,0,0,0,0,0,5,0,0,0,0,0,120,0,0,0,0,0,0,0,10,0,0,25,0,0,5,0,20,0,0,55,0,0,5,0,70,0,50,0,5,0,0,0,0,5,5,0,5,0,0,0,10,0,0,0,0,10,0,0,0,0,115,0,30,60,0,0,5,5,0,0,5,0,0,10,0,30,0,5,5,0,15,0,5,0,0,0,0,110,5,0,..,0,..,0,0,..,0,0,0,0,0,0,..,5,105,0,0,0,0,10,0,0,5,5,0,10,0,0,0,0,0,0,0,75,265,0,0,0,0,220,5,25,5,0,5,0,0,0,0,5,0,0,0,0,35,0,5,5,0,0,0,5,..,0,0,5,5,0,5,0,5
Number of applications rejected after being presented to panel,230,0,0,0,0,0,0,0,0,0,0,0,0,0,65,0,0,0,0,0,0,0,0,0,25,40,0,0,0,0,0,0,0,0,0,0,0,0,15,0,15,0,0,0,0,0,0,0,0,0,0,0,0,0,10,0,0,0,0,0,0,0,10,0,5,0,0,0,0,0,5,0,0,0,0,0,0,0,0,0,0,0,0,0,0,0,0,0,0,0,0,10,10,0,..,0,..,0,10,..,0,0,0,0,0,0,..,0,0,0,0,0,0,0,0,0,0,0,0,0,0,0,0,0,0,0,0,0,60,0,0,0,50,0,0,0,0,0,5,0,0,0,0,5,0,0,0,0,5,0,0,0,0,0,0,0,..,5,0,0,0,0,0,0,0
Number of applications which remained in progress on 31 March,3865,95,5,15,10,0,10,10,15,10,5,0,10,5,465,15,5,20,5,5,10,5,10,10,90,105,10,10,15,10,15,0,5,55,15,5,25,20,255,15,125,0,10,25,5,10,0,5,10,10,10,15,15,0,135,5,0,10,25,35,20,25,10,5,135,0,40,20,0,0,10,15,20,0,5,10,0,10,5,125,0,20,5,20,15,5,30,0,10,20,0,245,85,5,..,10,..,10,10,..,0,0,0,10,15,20,..,5,160,5,0,15,0,15,20,10,10,5,5,10,5,0,5,5,5,5,0,40,525,5,0,10,25,295,10,60,5,0,10,10,5,10,15,30,0,25,5,5,145,0,10,20,10,5,10,10,..,5,0,10,20,10,10,15,10
Total applications concluded or in progress at 31 March,14280,280,10,55,25,0,25,25,45,35,20,10,15,15,1295,25,15,45,15,35,35,20,35,20,230,260,40,25,25,20,65,5,25,180,25,30,70,50,735,50,265,5,35,55,20,30,50,20,30,65,35,30,45,0,375,25,35,35,55,80,50,50,35,10,660,30,200,145,5,15,35,35,45,5,25,35,10,50,25,395,5,50,25,55,80,15,65,10,25,40,25,795,245,15,..,30,..,25,30,..,10,0,20,25,25,30,..,35,550,20,5,30,10,50,60,20,50,30,15,40,20,10,5,10,5,10,5,155,1505,15,20,20,180,555,45,210,60,15,55,45,25,35,35,80,10,80,10,10,560,5,35,50,25,55,25,55,..,15,10,40,65,30,60,35,55
Number of family and friends households approved in year,2845,370,10,60,25,25,15,45,30,25,20,25,35,55,540,15,25,10,15,30,30,15,5,15,35,45,50,30,15,30,25,15,15,35,20,15,0,50,380,10,35,10,35,15,50,15,85,30,15,20,5,35,15,5,235,5,25,35,40,60,45,10,15,0,385,25,30,35,15,25,15,30,45,25,10,25,35,15,55,195,10,15,0,10,20,25,45,15,5,40,10,255,120,5,..,15,..,15,15,..,0,5,5,10,0,20,..,30,135,15,5,10,10,15,5,10,0,5,5,15,10,5,10,5,0,5,0,5,310,10,15,20,25,60,10,5,15,20,35,10,5,5,10,45,5,5,5,5,185,0,5,10,15,35,20,15,..,10,15,5,25,10,5,10,5
De-registered to facilitate a transfer to a local authority,220,0,0,0,0,0,0,0,0,0,0,0,0,0,0,0,0,0,0,0,0,0,0,0,0,0,0,0,0,0,0,0,0,0,0,0,0,0,0,0,0,0,0,0,0,0,0,0,0,0,0,0,0,0,0,0,0,0,0,0,0,0,0,0,0,0,0,0,..,0,0,0,0,0,0,0,0,0,0,0,0,0,0,0,0,0,0,0,0,0,0,0,0,0,..,0,..,0,0,..,0,0,0,0,0,0,..,0,0,0,0,0,0,0,0,0,0,0,0,0,0,0,0,0,..,0,0,0,0,0,0,0,0,0,0,0,0,0,0,0,0,0,0,0,0,0,0,0,0,0,0,0,0,0,0,..,..,0,0,0,0,0,0,0,0
De-registered to facilitate a transfer to an independent fostering agency,365,0,0,0,0,0,0,0,0,0,0,0,0,0,0,0,0,0,0,0,0,0,0,0,0,0,0,0,0,0,0,0,0,0,0,0,0,0,0,0,0,0,0,0,0,0,0,0,0,0,0,0,0,0,10,0,0,0,5,0,5,0,0,0,10,5,0,0,..,0,5,0,0,0,0,0,0,0,0,5,0,0,0,5,0,0,0,0,0,0,0,0,0,0,..,0,..,0,0,..,0,0,0,0,0,0,..,0,0,0,0,0,0,0,0,0,0,0,0,0,0,0,0,0,..,0,0,0,15,0,0,0,0,5,0,5,0,0,0,0,0,0,0,0,0,5,0,0,0,0,0,0,0,0,0,..,..,0,0,0,0,0,0,0,0
De-registration initiated by the fostering service,2375,255,25,45,25,20,10,5,20,20,10,15,35,25,370,5,0,0,10,5,0,45,0,15,5,5,45,30,10,5,15,5,20,40,20,10,0,80,220,5,70,0,55,15,40,0,20,0,0,0,5,0,0,10,120,10,0,15,5,30,5,35,15,5,265,20,30,15,..,0,5,25,10,25,15,45,0,20,55,110,0,5,0,5,20,35,10,0,0,25,10,275,100,5,..,20,..,15,5,..,0,0,5,5,0,15,..,30,175,0,5,20,0,15,5,10,0,25,10,0,25,5,15,5,..,5,5,25,385,0,0,35,35,105,5,35,10,35,15,5,0,10,10,70,0,0,10,5,180,0,5,0,10,0,55,..,..,5,0,5,70,5,5,10,10
De-registration initiated by the foster carer,5640,500,15,100,45,5,25,80,50,5,0,30,5,140,630,35,60,25,30,45,5,20,5,5,60,60,45,15,30,40,30,10,30,20,0,15,15,30,470,15,5,30,15,5,50,20,140,30,35,70,20,15,10,10,335,20,50,35,35,130,45,0,20,0,435,30,20,45,..,25,20,25,85,15,15,35,85,10,25,405,15,10,10,75,85,25,125,0,15,25,20,365,145,5,..,5,..,5,30,..,0,10,5,45,15,5,..,20,220,25,15,5,20,20,30,20,5,10,25,5,5,5,5,5,..,5,5,10,665,15,0,35,30,70,20,130,25,10,100,45,30,5,45,20,20,55,5,5,355,10,15,60,25,95,0,..,..,25,20,5,35,20,20,15,10
De-registration for unknown reason,140,5,0,0,0,0,0,0,0,0,0,0,0,5,15,0,0,0,0,10,0,0,0,0,0,0,0,0,0,0,5,0,0,0,0,0,0,0,0,0,0,0,0,0,0,0,0,0,0,0,0,0,0,0,10,0,0,0,10,0,0,0,0,0,15,0,0,15,..,0,0,0,0,0,0,0,0,0,0,10,0,0,0,0,0,0,0,10,0,0,0,15,0,0,..,0,..,0,0,..,0,0,0,0,0,0,..,0,15,0,0,0,0,0,0,0,0,0,0,15,0,0,0,0,..,0,0,0,30,0,20,0,0,10,0,0,0,0,0,0,0,0,0,0,0,0,0,0,25,0,0,0,15,0,0,..,..,0,5,0,0,0,0,0,5
"Total households de-registered between 1 April and 31 March""",8740,760,40,145,70,25,35,85,70,25,10,45,40,170,1040,40,65,25,45,60,5,70,10,20,65,65,95,40,40,45,45,15,50,60,25,25,20,110,695,20,70,30,70,20,85,20,160,30,35,75,25,20,15,20,470,30,50,50,50,160,50,40,35,5,725,55,45,75,..,25,25,45,95,45,35,80,90,30,80,535,20,15,15,80,105,60,130,10,15,55,30,675,250,10,..,30,..,25,35,..,0,10,10,50,15,20,..,45,425,25,20,25,25,35,35,30,5,35,35,25,30,10,20,15,..,15,10,30,1105,15,20,70,60,190,25,170,35,50,120,50,30,20,55,90,20,60,15,10,575,10,20,65,50,100,55,..,..,30,30,5,110,25,25,25,25
Number of applications for a review to the IRM,110,0,0,0,0,0,0,0,..,0,0,0,0,0,0,0,0,0,0,0,0,0,0,0,0,0,0,0,0,0,0,0,0,0,0,0,0,0,5,0,5,0,0,0,0,0,0,0,0,0,0,0,0,0,5,0,0,0,5,0,0,0,0,0,5,0,0,0,..,0,0,0,0,0,0,0,5,..,0,0,0,0,0,0,0,0,0,0,0,0,0,0,0,0,..,..,..,0,0,..,0,0,..,..,0,0,..,0,0,0,..,0,0,0,0,0,0,0,0,0,0,0,0,0,0,0,0,0,15,0,0,0,0,0,..,10,0,0,0,0,0,0,0,5,0,0,0,0,0,0,0,0,0,0,0,0,..,0,0,0,0,..,0,0,..
Number of which resulted in a recommendation being made to review the decision,35,0,0,0,0,0,0,0,..,0,..,0,0,0,0,0,0,0,0,0,0,0,0,0,0,0,0,0,0,0,0,0,..,0,0,0,0,..,0,0,0,0,0,0,0,0,0,0,..,0,0,0,0,0,0,0,0,0,0,0,0,0,0,0,0,0,0,0,..,0,0,0,0,..,0,0,0,..,0,0,0,0,0,0,0,0,0,0,0,0,0,0,0,0,..,..,..,0,0,..,0,0,..,..,0,0,..,0,0,0,..,0,0,0,0,0,0,0,0,0,0,0,0,0,0,0,0,0,5,0,0,0,0,0,..,5,..,0,0,0,..,0,0,0,0,0,..,0,0,0,0,0,..,0,..,..,..,0,0,0,0,..,0,0,..
Number of allegations against foster carers by fostered children,1595,40,0,5,5,5,0,5,..,0,0,0,5,15,170,5,5,10,10,5,5,5,5,0,10,0,10,15,5,5,5,0,5,5,5,20,0,25,130,0,10,5,5,10,0,10,40,5,5,10,5,5,5,5,50,0,10,10,..,15,5,5,5,0,65,10,10,0,..,15,10,0,5,5,0,5,..,0,5,55,5,0,0,10,0,5,15,0,5,5,0,120,35,5,..,5,..,0,5,..,0,0,0,5,5,0,..,0,85,10,15,5,5,10,0,5,5,5,0,15,0,5,0,0,0,0,5,0,135,5,5,0,15,15,5,25,5,15,10,5,0,5,15,10,0,0,0,5,90,..,5,10,10,0,15,5,..,0,10,10,10,5,5,5,..
Number of allegations against foster carers by other sources,845,45,0,10,0,0,0,5,..,0,0,5,5,20,105,5,0,0,10,0,5,0,5,0,5,5,10,5,0,5,5,0,5,5,5,5,5,20,55,0,10,5,5,0,0,5,5,5,5,5,5,5,0,0,65,0,5,40,..,5,10,0,5,0,75,10,5,15,..,0,0,5,5,0,5,5,30,0,0,40,0,0,0,10,5,0,10,0,5,10,0,35,15,5,..,0,..,0,0,..,0,0,0,0,0,5,..,0,20,0,0,5,0,0,5,0,0,0,0,0,0,0,0,0,0,0,0,0,130,0,5,0,5,40,0,15,0,15,10,10,0,0,5,5,0,5,0,0,30,..,0,5,5,0,0,5,..,0,10,0,0,0,0,0,..
Total number of allegations made,2445,85,0,15,5,5,0,10,0,0,0,5,5,30,275,10,5,10,20,5,10,5,15,0,15,5,20,15,5,10,10,0,15,10,10,25,5,45,185,5,15,10,10,15,5,15,50,10,10,15,10,10,5,5,115,0,15,45,0,25,10,5,10,0,145,20,15,15,0,15,10,5,10,5,5,10,30,0,5,95,5,5,0,20,5,5,25,5,10,15,0,155,50,10,..,5,..,0,10,..,0,0,0,5,5,10,..,5,105,10,15,10,5,10,5,5,5,5,0,15,5,5,0,0,0,5,5,0,265,5,10,0,20,55,5,40,5,30,25,15,5,5,20,20,0,5,0,5,125,0,5,20,15,0,15,5,..,5,20,15,10,5,5,5,0
Number of children made allegations against foster carers,1565,30,0,5,5,5,0,5,..,0,0,0,5,5,175,5,5,10,20,5,5,5,5,0,10,0,10,10,10,5,5,0,5,10,5,20,5,15,130,0,5,5,5,10,5,10,40,5,5,10,5,5,5,5,50,0,10,5,..,15,5,5,5,0,70,10,10,0,..,15,5,0,5,5,0,10,..,0,5,50,5,0,0,10,5,5,10,5,5,5,0,125,30,5,..,5,..,0,5,..,0,0,0,5,5,0,..,0,90,10,15,10,5,10,0,5,5,5,0,15,5,5,0,0,0,0,0,0,130,5,5,0,15,15,5,25,5,15,10,5,0,5,15,15,0,0,0,5,105,..,5,10,10,0,15,5,..,5,20,10,5,5,5,10,..
Number of foster carers subject to allegations,2340,85,0,15,0,5,0,15,..,0,0,5,10,30,250,10,5,10,15,5,0,5,15,0,20,5,15,15,5,10,10,0,10,10,10,25,5,40,180,5,20,5,10,15,5,15,50,10,10,15,5,10,5,5,130,0,10,50,10,30,10,10,10,0,140,20,20,15,..,10,10,5,10,5,5,10,30,0,5,90,5,5,0,20,5,5,20,5,10,15,0,150,45,10,..,0,..,0,5,..,0,0,0,5,5,5,..,5,105,10,15,10,5,15,5,5,5,10,0,15,5,5,0,0,0,5,0,5,245,5,10,0,15,50,5,35,5,30,20,15,5,5,15,20,0,5,0,5,135,..,5,20,15,0,20,10,..,5,20,15,10,5,5,10,..
Physical abuse,1410,35,0,5,0,5,0,5,..,0,0,5,5,10,155,5,5,10,10,5,5,5,5,0,5,0,15,10,5,5,5,0,5,10,5,10,5,15,110,5,10,5,5,5,5,15,25,5,10,10,10,10,5,5,70,0,10,20,5,15,5,5,5,0,70,10,5,5,..,10,5,0,5,5,5,5,15,0,5,45,5,0,0,10,5,5,10,0,0,5,0,80,25,5,..,5,..,..,5,..,0,0,0,0,5,0,..,0,50,5,5,5,0,5,..,5,0,5,0,10,0,5,0,0,0,5,5,0,130,5,0,0,10,15,0,25,5,10,10,5,0,0,15,15,0,5,0,5,75,..,5,15,10,0,5,5,..,0,15,10,5,0,5,0,..
Sexual abuse,185,10,0,5,0,0,0,0,..,0,0,0,5,0,20,0,0,0,0,0,0,0,0,0,5,0,0,0,0,0,0,0,0,0,0,0,0,5,15,0,5,0,0,0,0,0,5,0,0,0,0,0,0,0,10,0,0,5,0,0,..,0,0,0,5,0,0,0,..,0,0,..,0,..,0,0,0,0,0,5,0,0,0,0,0,0,0,0,0,0,0,15,5,0,..,0,..,0,0,..,0,..,0,0,0,5,..,0,10,0,0,0,0,0,..,0,5,0,0,0,0,0,0,0,0,0,0,0,30,0,0,0,0,5,0,5,0,0,5,0,0,0,0,5,0,5,0,0,10,..,0,0,0,0,0,0,..,0,0,0,0,0,..,0,..
Neglect,380,15,0,5,0,0,0,0,..,0,0,0,0,10,35,0,0,0,0,0,0,0,0,0,0,0,0,5,0,0,5,0,0,0,0,10,0,10,30,0,0,0,0,5,0,0,15,5,0,0,0,0,0,0,25,0,0,10,0,0,5,0,5,0,25,5,5,5,..,0,5,0,0,..,0,0,5,0,0,20,0,0,0,5,0,0,5,0,5,0,0,30,10,0,..,0,..,..,0,..,0,..,0,5,0,5,..,0,25,0,5,0,0,0,5,0,0,5,0,5,0,0,0,0,0,0,0,0,50,0,0,..,5,20,0,5,0,10,5,0,0,0,5,0,0,0,0,0,15,..,0,0,0,0,5,0,..,0,0,0,0,0,..,0,..
Emotional abuse,470,25,0,5,0,0,0,0,..,0,0,0,0,10,65,5,0,0,5,0,0,0,5,0,5,5,0,0,0,5,0,0,0,0,0,5,0,15,25,0,0,0,5,5,0,0,0,5,0,5,5,0,0,0,20,0,0,15,..,5,0,0,0,0,35,5,5,5,..,10,0,0,0,..,0,5,5,0,0,25,0,0,0,5,0,0,5,0,5,5,0,30,5,5,..,0,..,..,0,..,0,0,0,0,0,0,..,0,20,0,10,5,0,5,..,0,0,0,0,0,0,0,0,0,0,0,0,0,50,0,5,..,5,10,0,5,0,5,5,5,0,0,0,0,0,0,0,0,25,..,0,0,5,0,5,0,..,0,5,0,0,0,0,0,..
"Concerns resolved, no further action",1380,45,0,5,0,0,0,5,..,0,0,0,5,25,125,5,0,5,10,0,0,5,10,0,5,5,10,15,0,5,5,0,0,5,0,10,0,20,115,0,5,5,5,5,0,10,45,5,5,10,5,5,0,5,50,0,5,20,5,5,5,0,5,0,85,15,10,5,..,5,10,0,0,5,5,0,25,0,0,35,0,5,0,5,5,0,5,..,5,10,0,90,35,5,..,0,..,0,5,..,0,0,0,5,5,5,..,5,55,5,10,5,0,0,5,5,0,5,0,5,5,5,0,0,0,0,5,0,115,5,0,0,0,15,0,10,0,25,15,5,0,0,15,10,0,0,0,0,60,..,0,5,5,0,10,0,..,5,10,10,0,0,5,5,..
Continued monitoring for agreed period,430,15,0,10,0,0,0,..,..,0,0,5,0,0,70,0,0,0,5,0,5,0,0,0,5,0,5,0,0,5,0,0,5,5,0,15,0,5,25,0,5,0,5,0,0,5,5,0,0,0,0,0,0,0,35,0,5,10,..,15,0,5,0,0,20,5,5,5,..,0,0,..,5,..,0,0,0,0,0,35,0,0,0,5,0,0,15,0,0,5,0,25,10,0,..,0,..,..,0,..,0,0,0,0,0,5,..,0,15,0,0,0,0,0,0,0,0,0,0,10,0,0,0,0,0,0,0,0,50,0,5,..,15,0,0,0,0,0,5,10,0,0,0,5,0,5,0,0,15,..,0,5,0,0,0,0,..,0,0,0,0,0,0,0,..
"Concern remained, refer to fostering panel for review",630,25,0,5,0,5,0,5,..,0,0,0,5,5,80,10,0,0,5,5,5,0,0,0,5,0,5,0,5,0,0,0,5,0,5,0,0,20,45,0,5,5,5,10,0,0,0,0,5,0,5,0,5,0,40,0,5,15,10,0,5,0,5,0,35,0,0,5,..,10,0,5,5,0,0,10,..,0,5,25,5,0,0,5,0,0,0,0,5,5,0,40,5,0,..,0,..,0,0,..,0,0,0,0,0,0,..,0,35,0,5,5,5,10,0,0,5,0,0,5,0,0,0,0,0,0,0,0,100,0,5,0,0,40,5,25,5,5,0,0,5,0,5,0,0,0,0,0,45,..,5,5,0,0,10,5,..,0,10,0,10,0,0,0,..
Less than 21 working days,1170,30,0,10,5,0,0,5,..,0,0,0,5,10,110,0,0,5,10,0,0,0,15,0,5,5,5,10,0,5,5,0,5,5,0,0,0,25,85,0,10,5,5,10,0,5,25,5,0,5,0,5,5,0,45,0,5,20,..,15,0,5,0,0,50,5,10,0,..,5,5,..,5,..,5,0,10,0,0,45,0,0,0,5,5,0,20,0,0,10,0,80,30,10,..,5,..,..,5,..,0,0,0,0,0,5,..,0,50,5,10,0,0,10,5,5,0,5,0,5,0,5,0,0,0,0,5,0,130,5,0,..,5,25,0,20,5,25,20,5,0,0,10,0,0,0,0,5,40,..,0,5,0,0,5,0,..,0,5,10,5,0,0,0,..
22-30 working days (4-6 weeks),370,15,0,5,0,0,0,0,..,0,0,0,0,0,40,0,0,0,5,0,5,0,0,0,0,0,0,5,0,0,0,0,0,0,0,15,0,5,25,0,0,0,0,5,0,5,5,5,0,0,0,0,0,0,5,0,0,0,..,5,..,0,0,0,40,5,0,10,..,10,0,0,0,5,0,0,10,0,0,20,5,0,0,5,0,0,0,0,5,5,0,25,5,0,..,0,..,..,0,..,0,..,0,0,5,0,..,0,20,0,0,0,5,0,..,0,0,5,0,5,0,0,0,0,0,0,0,0,25,0,5,..,0,5,..,5,0,0,5,5,0,0,0,5,0,0,0,0,20,..,0,5,0,0,0,0,..,0,0,0,5,0,0,0,..
31-50 working days (6-10 weeks),360,10,0,5,0,0,0,0,..,0,0,0,0,10,50,10,0,0,0,0,0,0,0,0,0,0,0,0,5,0,0,0,0,0,0,10,0,5,30,0,0,0,0,0,0,5,10,0,5,0,0,0,0,5,30,0,0,20,..,0,5,..,0,0,20,5,5,0,..,0,0,0,0,..,0,0,0,0,0,15,0,0,0,5,0,0,0,0,5,0,..,25,10,0,..,0,..,..,0,..,0,0,0,5,0,0,..,0,20,0,5,5,0,0,..,0,0,0,0,5,0,0,0,0,0,0,0,0,35,0,5,..,0,10,0,5,0,0,0,5,0,0,0,5,0,0,0,0,15,..,0,5,0,0,5,0,..,0,0,0,0,0,0,0,..
More than 50 working days (more than 10 weeks),530,25,0,0,0,5,0,0,..,0,0,0,0,15,70,0,0,5,5,5,0,5,0,0,10,0,15,0,0,0,0,0,5,5,5,0,0,10,50,0,5,0,5,0,0,0,10,0,5,5,5,0,0,0,35,0,10,10,..,0,5,0,10,0,35,5,0,0,..,0,5,0,0,..,0,10,10,0,5,15,0,0,0,5,0,5,5,0,0,0,..,25,10,0,..,0,..,0,5,..,0,..,0,0,0,0,..,0,15,0,0,0,0,0,0,0,5,0,0,0,0,0,0,0,0,5,0,0,70,0,0,0,10,10,5,15,0,0,0,0,5,0,5,10,0,5,0,0,40,..,0,5,5,0,5,5,..,0,15,0,0,0,0,0,..
Number of referrals to the Disclosure and Barring Service (DBS),90,5,0,0,0,0,0,0,..,0,0,0,0,0,5,0,0,0,0,0,0,0,0,0,0,0,0,0,0,0,0,0,0,0,0,0,0,0,5,0,0,0,0,0,0,0,0,0,0,0,0,0,0,0,5,0,0,0,0,0,0,0,0,0,5,0,0,0,..,0,0,0,0,0,0,0,0,0,0,0,0,0,0,0,0,0,0,..,0,0,0,0,0,0,..,0,..,0,0,..,0,0,0,0,0,0,..,0,0,0,0,0,0,0,0,0,0,0,0,0,0,0,0,0,0,0,0,0,5,0,0,..,0,0,0,5,0,0,0,0,0,0,0,0,0,0,0,0,5,..,0,0,0,0,0,0,..,0,0,0,0,..,0,0,..
Number of referrals to the local authority child protection team,1225,20,0,0,0,5,0,5,..,0,0,0,5,0,115,5,5,5,10,5,5,0,0,0,5,0,15,5,5,0,5,0,0,5,10,0,5,20,65,5,15,5,0,0,5,5,0,5,10,0,10,5,5,0,30,0,10,0,0,5,5,0,5,0,55,15,0,0,..,0,0,5,10,5,5,5,0,0,5,55,5,5,0,5,0,5,20,5,0,10,0,75,35,10,..,0,..,0,10,..,0,0,0,5,5,5,..,0,40,0,0,5,0,0,0,5,5,0,0,15,0,0,0,0,0,0,5,0,155,0,0,0,10,45,5,20,5,5,20,5,0,0,15,10,0,0,0,0,40,..,0,0,0,0,0,5,..,0,15,0,10,..,5,0,..
Number of Section 47 enquiries,700,15,0,0,0,0,0,5,..,0,0,0,5,0,75,5,5,5,0,5,5,0,0,0,5,0,5,5,5,0,5,0,0,0,10,0,5,10,55,5,5,5,0,0,5,5,0,5,10,0,10,5,5,0,30,0,10,0,5,5,5,0,0,0,40,5,0,0,..,0,0,5,5,5,5,5,0,0,5,50,5,5,0,5,0,5,20,0,0,10,0,30,15,0,..,0,..,0,0,..,..,0,0,0,5,5,..,0,20,0,0,5,0,0,0,5,5,0,0,..,0,0,0,0,0,0,5,0,95,0,0,0,5,15,5,20,5,5,5,5,0,0,15,10,0,0,0,0,35,..,0,0,0,0,0,5,..,0,15,0,10,..,0,0,..
Number of recorded incidents of physical restraint by foster carers,1205,10,..,..,5,..,0,5,0,0,0,5,0,0,35,0,0,10,0,0,5,0,5,0,0,0,5,0,0,5,0,0,5,0,0,0,0,0,25,..,0,0,0,..,0,0,5,10,0,5,0,5,0,0,25,0,5,0,0,15,0,0,0,0,15,0,0,0,0,0,0,0,5,..,0,0,0,..,5,10,0,..,0,5,0,0,0,..,..,5,0,10,0,0,..,0,..,..,0,..,..,0,0,0,0,0,..,0,5,0,0,0,0,0,0,0,0,0,0,..,0,5,0,0,0,..,0,0,40,0,0,0,0,0,0,15,0,0,0,5,0,0,0,..,15,0,0,0,60,0,5,..,0,25,0,10,..,0,0,0,10,0,5,0,0
Number of CYP subject to restraint,630,10,..,..,5,..,0,5,0,0,0,0,0,0,25,0,0,5,0,0,5,0,5,0,0,0,5,0,0,5,0,0,5,0,0,0,0,0,15,..,0,0,0,..,0,0,5,0,0,5,0,5,0,0,15,0,5,0,0,5,0,0,0,0,10,0,0,0,0,0,0,0,5,..,0,0,0,..,0,10,0,..,0,5,0,0,0,..,..,5,0,10,0,0,..,0,..,..,0,..,..,0,0,0,0,0,..,0,5,0,0,0,0,0,0,0,0,0,0,..,0,5,0,0,0,..,0,0,20,0,0,0,0,0,0,10,0,0,0,5,0,0,0,..,5,0,0,0,25,0,0,..,0,5,0,5,..,0,0,0,5,0,5,0,0
Number of households that restrained CYP,615,10,0,..,5,..,0,5,0,0,0,0,0,0,60,0,0,5,0,0,5,0,5,0,0,0,5,0,..,30,0,0,5,0,5,0,0,0,15,0,0,0,..,0,0,0,5,0,0,5,0,5,..,0,10,0,5,0,..,5,0,0,0,0,10,0,0,0,5,0,0,0,5,..,0,0,0,0,0,10,0,..,0,5,0,0,0,..,0,5,0,10,5,,..,..,..,..,0,..,0,0,0,5,..,0,..,0,5,0,0,0,..,0,0,0,0,0,0,0,0,5,0,0,0,0,0,0,20,0,0,0,0,0,0,10,0,0,0,5,0,0,0,0,5,..,0,0,20,0,0,..,0,5,0,5,..,0,0,0,5,0,5,0,0
CYP (complaints made),330,5,0,0,0,0,0,0,..,0,0,0,0,0,10,0,0,0,..,0,0,0,0,0,0,0,0,0,0,0,0,0,0,0,0,0,0,5,10,0,0,..,0,0,0,0,0,0,0,0,0,0,0,0,5,0,0,0,0,0,0,0,0,0,10,5,0,0,..,0,0,0,0,..,0,0,5,..,0,10,0,0,0,..,0,0,0,0,10,0,0,60,45,0,..,..,..,0,5,..,0,0,0,35,0,5,..,0,15,0,0,0,0,0,0,0,0,0,0,0,0,0,0,0,0,0,0,0,15,0,0,5,0,0,..,5,0,0,0,0,5,0,0,0,0,0,0,0,30,..,5,0,0,0,10,0,..,0,5,5,0,5,0,0,..
CYP (complaints not upheld),155,5,0,0,0,0,0,0,..,0,..,0,0,..,5,0,0,0,..,0,0,0,0,0,0,0,0,0,0,0,0,0,..,0,0,0,0,5,5,0,0,..,0,0,0,0,0,0,0,0,0,0,0,0,0,0,0,0,0,..,..,0,0,0,5,5,0,0,..,0,0,0,0,..,0,0,0,..,0,5,0,..,0,..,0,0,0,..,5,0,0,15,15,0,..,..,..,0,0,..,0,0,0,10,0,0,..,0,5,0,0,0,0,..,0,0,0,0,0,0,0,0,0,0,0,0,0,0,10,..,0,0,0,0,..,0,0,0,0,0,0,0,0,0,0,0,0,0,25,..,5,0,0,0,10,..,..,0,5,5,0,5,0,0,..
Foster carers (complaints made),415,5,0,0,0,0,0,..,..,0,0,0,0,5,65,5,0,0,0,5,0,0,0,5,15,5,10,0,0,5,0,0,0,5,0,0,0,0,40,0,0,5,5,..,5,5,10,0,0,5,5,0,0,0,25,0,5,0,..,5,5,5,5,0,20,0,5,0,..,5,0,..,5,5,0,5,0,..,0,20,0,0,0,0,5,0,5,..,5,0,0,35,20,0,..,..,..,0,0,..,0,5,0,10,0,0,..,0,20,0,5,0,5,0,0,0,0,0,5,0,0,0,0,0,0,0,0,0,35,0,0,..,0,5,..,10,0,5,0,5,0,0,0,0,5,0,0,0,45,..,0,0,0,0,10,0,..,0,5,0,10,5,10,0,..
Foster carers (complaints not upheld),180,0,0,0,0,0,0,..,..,0,..,0,0,..,30,0,0,0,0,0,0,0,0,5,5,5,5,0,0,5,0,0,..,0,0,0,0,0,20,0,0,0,5,..,0,5,5,0,0,0,0,0,0,0,10,0,0,0,..,0,..,5,0,0,10,0,0,0,..,0,0,..,5,0,0,0,0,..,0,5,0,..,0,0,0,0,5,..,0,0,0,15,5,0,..,..,..,0,0,..,0,0,0,0,0,0,..,0,10,0,0,0,0,0,0,0,0,0,5,0,0,0,0,0,0,0,0,0,10,..,0,..,0,0,..,5,0,0,0,0,0,0,0,0,5,0,0,0,20,..,0,0,0,0,5,..,..,0,5,0,5,0,5,0,..
CYP's social workers (complaints made),160,0,0,0,0,0,0,..,..,0,0,0,0,0,5,0,0,0,..,0,0,0,0,0,0,0,0,0,0,0,0,0,0,0,0,0,0,0,0,0,0,..,0,..,0,0,0,0,0,0,..,0,0,..,0,0,0,0,..,0,..,0,0,0,10,10,0,0,..,0,0,..,0,..,0,0,..,..,0,0,0,0,0,..,0,0,0,..,0,0,0,15,0,0,..,..,..,0,0,..,0,..,0,0,0,0,..,0,15,0,0,0,0,0,5,0,0,0,0,0,0,5,0,0,0,0,0,0,0,0,0,..,0,0,..,0,0,0,0,0,0,0,0,0,0,0,0,0,5,..,0,0,0,0,0,5,..,0,0,0,0,0,0,0,..
CYP's social workers (complaints not upheld),80,0,0,0,0,0,0,..,..,0,..,0,0,..,0,0,0,0,..,0,0,0,0,0,0,0,0,0,0,0,0,0,..,0,0,0,0,0,0,0,0,..,0,..,0,0,0,0,0,0,..,0,0,..,0,0,0,0,..,..,..,0,0,0,5,5,0,0,..,0,0,..,0,..,0,0,..,..,0,0,0,..,0,..,0,0,0,..,0,0,0,10,0,0,..,..,..,0,0,..,0,..,0,0,0,0,..,0,10,0,0,0,0,..,5,0,0,0,0,0,0,5,0,0,0,0,0,0,0,..,0,..,0,0,..,0,0,0,0,0,0,0,0,0,0,0,0,0,0,..,0,0,0,0,0,..,..,0,0,0,0,0,0,0,..
Other professionals (complaints made),125,0,0,0,0,0,0,..,..,0,0,0,0,0,15,0,0,0,..,0,0,0,0,0,0,0,10,0,0,0,0,0,0,0,5,0,0,..,0,0,0,..,0,..,0,0,0,0,0,0,..,0,0,..,0,0,0,0,..,0,..,0,0,0,5,0,0,0,..,0,0,..,0,..,0,0,..,..,0,5,0,0,0,0,0,0,0,..,5,0,0,15,10,0,..,..,..,0,5,..,0,..,0,5,0,0,..,0,5,0,0,0,0,0,0,0,0,0,0,0,0,0,0,0,0,0,0,0,5,0,0,..,0,0,..,0,0,0,0,0,0,0,0,0,0,0,0,0,5,..,0,0,0,0,0,0,..,0,0,0,0,0,5,0,..
Other professionals (complaints not upheld),45,0,0,0,0,0,0,..,..,0,..,0,0,..,5,0,0,0,..,0,0,0,0,0,0,0,0,0,0,0,0,0,..,0,0,0,0,..,0,0,0,..,0,..,0,0,0,0,0,0,..,0,0,..,0,0,0,0,..,..,..,0,0,0,0,0,0,0,..,0,0,..,0,..,0,0,..,..,0,0,0,..,0,0,0,0,0,..,0,0,0,5,5,0,..,..,..,0,5,..,0,..,0,0,0,0,..,0,0,0,0,0,0,..,0,0,0,0,0,0,0,0,0,0,0,0,0,0,0,..,0,..,0,0,..,0,0,0,0,0,0,0,0,0,0,0,0,0,0,..,0,0,0,0,0,..,..,0,0,0,0,0,0,0,..
CYP's parents (complaints made),260,5,0,0,0,5,0,..,..,0,0,0,0,0,25,0,0,0,0,0,0,0,0,5,0,0,0,0,0,0,0,0,0,5,0,0,0,5,15,0,0,..,5,0,0,0,0,0,0,0,..,0,0,..,0,0,0,0,..,0,..,0,0,0,15,5,0,5,..,0,0,..,0,5,0,0,0,..,0,5,0,0,0,..,0,0,0,..,5,0,0,85,75,0,..,5,..,5,5,..,0,..,0,60,0,0,..,0,10,0,0,0,0,0,0,0,0,0,0,0,5,0,0,0,0,0,0,0,20,0,0,0,0,0,..,5,0,0,0,0,0,0,0,0,0,0,0,0,30,0,5,0,0,5,5,0,..,0,10,0,0,5,5,0,..
CYP's parents (complaints not upheld),130,5,0,0,0,0,0,..,..,0,0,0,0,..,15,0,0,0,0,0,0,0,0,5,0,0,0,0,0,0,0,0,..,0,0,0,0,5,10,0,0,..,5,0,0,0,0,0,0,0,..,0,0,..,0,0,0,0,..,..,..,0,0,0,10,5,0,0,..,0,0,..,0,0,0,0,..,..,0,5,0,..,0,..,0,0,0,..,5,0,0,35,30,0,..,0,..,5,0,..,0,..,0,25,0,0,..,0,5,0,0,0,0,..,0,0,0,0,0,0,0,0,0,0,0,0,0,0,10,..,0,0,0,0,..,5,0,0,0,0,0,0,0,0,0,0,0,0,15,0,5,0,0,0,5,..,..,0,5,0,0,0,0,0,..
Others (complaints made),215,5,0,0,0,0,0,..,..,0,0,0,0,0,10,0,0,0,..,5,0,0,0,0,0,0,0,0,0,0,0,0,0,0,0,0,0,0,10,0,0,..,0,..,5,0,5,0,0,0,..,0,0,0,0,0,0,0,..,0,..,0,0,0,10,0,0,0,..,0,0,..,0,0,0,0,0,..,0,15,0,0,0,0,0,0,10,0,0,0,0,85,75,0,..,0,..,0,0,..,0,..,0,70,0,0,..,0,10,0,0,0,5,0,0,0,0,0,0,0,0,0,0,0,0,0,0,0,25,0,0,..,0,0,..,5,0,5,5,0,5,0,0,0,0,5,0,0,10,0,0,0,0,0,5,0,..,0,0,0,0,0,0,0,..
Others (complaints not upheld),105,0,0,0,0,0,0,..,..,0,..,0,0,..,5,0,0,0,..,0,0,0,0,0,0,0,0,0,0,0,0,0,..,0,0,0,0,0,5,0,0,..,0,..,0,0,0,0,0,0,..,0,0,0,0,0,0,0,..,..,..,0,0,0,0,0,0,0,..,0,0,..,0,..,0,0,..,..,0,5,0,..,0,0,0,0,5,0,0,0,0,50,45,0,..,0,..,0,0,..,0,..,0,45,0,0,..,0,5,0,0,0,0,0,0,0,0,0,0,0,0,0,0,0,0,0,0,0,10,..,0,..,0,0,..,5,0,0,0,0,0,0,0,0,0,0,0,0,5,0,0,0,0,0,5,..,..,0,0,0,0,0,0,0,..
Total complaints (complaints made),1500,20,5,0,5,5,0,0,0,0,0,0,0,5,130,10,5,0,5,5,5,0,0,10,15,5,15,0,0,10,5,0,0,10,5,0,5,15,80,0,5,5,10,0,10,5,15,5,0,10,5,0,5,5,35,5,5,0,0,5,5,5,5,0,70,20,5,5,0,5,0,0,5,5,5,5,5,0,0,65,0,0,0,5,10,5,20,0,20,0,0,295,225,5,..,5,..,5,15,..,0,5,0,175,0,5,..,0,70,5,10,0,10,0,5,0,5,0,5,5,5,5,0,0,0,5,0,5,95,0,0,5,5,5,0,20,0,10,5,5,5,0,0,5,5,5,0,5,125,5,10,0,0,5,25,5,..,5,20,5,10,15,15,0,0
Total complaints (complaints not upheld),695,10,0,0,0,0,0,0,0,0,0,0,0,0,65,5,5,0,5,0,0,0,0,10,5,5,5,0,0,5,0,0,0,5,0,0,0,10,40,0,0,0,10,0,0,5,10,0,0,0,5,0,5,0,15,5,0,0,0,0,0,5,0,0,30,15,0,0,0,0,0,0,5,5,0,0,0,0,0,25,0,0,0,0,0,0,5,0,10,0,0,135,105,0,..,0,..,5,5,..,0,0,0,80,0,5,..,0,30,0,5,0,0,0,5,0,0,0,5,0,0,5,0,0,0,0,0,0,40,0,0,0,0,0,0,15,0,0,0,5,0,0,0,0,5,5,0,0,65,0,10,0,0,0,20,0,..,5,15,5,5,5,5,0,0
